id,userid,text,modelo,sentimento,score,created_on
1,0,44º evento anual espectador vinho demonstrar poder de o vinho unir pessoa todo mundo tempo dividir,cardiffnlp/twitter-xlm-roberta-base-sentiment,POSITIVO,0.4924834668636322,2025-10-30 00:12:39.363129
2,0,aconcheguer se sopa outonal saudável robusta taça vinho branco seco vermute,cardiffnlp/twitter-xlm-roberta-base-sentiment,NEUTRO,0.5248396992683411,2025-10-30 00:12:39.363129
3,0,em o segundo temporada de o programa de o Netflix Duquesa Sussex fazer parceria chefs famoso em o cozinha visita Jonata enólogo Matt Dees equipe Vinhedo Rita Hills,cardiffnlp/twitter-xlm-roberta-base-sentiment,NEUTRO,0.8367523550987244,2025-10-30 00:12:39.363129
4,0,querido dr Vinny vinho branco normalmente envelhecir carvalho novo Carvalho neutro carvalho jeanette ennis texa querer jeanette deixe me voltar pouco explicar recipiente usar em primeiro lugar barris Carvalho novo exatamente parecer novo talvez usar apeno dois ano barril novo poder transmitir sabor forte de o próprio barril incluir nota especiaria cedro creamr soda coco baunilha claro existir variável que poder afetar quantidade sabor transmitir incluir origem de o carvalho tanoaria barril construir nível torrada usar barris pequeno aumentarão proporção carvalho vinho ter grande influência em o sabor barri grande suti três quatro ano uso barril perder potência termos quanto sabor imprimir a o vinho ainda utilidade barri usado neutro embora transmitar sabor ainda poder ajudar melhorar textura vinho afinal barri dever apertar suficiente deixar passar líquido permitir exposição pequeno a o ar permitir pequeno quantidade Oxigênio interaja vinho pequeno controlar exposição a o oxigênio poder ajudar suavizar vinho arredondar borda bom razão usar barris carvalho estilisticamente fermentação envelhecimento vinho branco aço inoxidável realçar sabor frutar vibrante acidez crocante de o vinho barris novo bastante caro pensar US 1 000 cada caro então usar barri neutro poder forma produtor vinho economizar dinheiro cobrar pouco vinho devar ressaltar existir outro vaso comumente utilizar incluir concreto cimento porcelano barri fazer madeira carvalho barri acácia castanha ter seguidor notável no mundo de o vinho tornar difícil responder a o pergunta produtor vinho usar vários recipiente envelhecer vinho tão incomum descobrir porção vinho fazer aço inoxidável outro porção carvalho novo ainda outro porção carvalho neutro em o final enólogo misturar diferente componente aumentar complexidade bom notícia produtor vinho tender transparente sobre prática acessar site de eles encontrar ficha produto vinho safra pensar geralmente informação ali dito vinho leve crocante dar água em o boca vibrante bom chance ter ver interior barril novo vinho pinot Grigio Sauvignon blanc riesling albariño geralmente enquadr em este categoria poder encontrar engarrafamento de esse outro uva ter textura pesado sabor redor apresentar nenhum nota típico carvalho baunilha especiaria cozimento pista vinho poder ter passar algum tempo carvalho neutro vinho rico cremoso ter toque tostar cristalizar achar ver por o menos pouco carvalho novo viognier chardonnay especialmente Borgonha branco estilo tradicional de o Califórnia enquadrarer em este categoria prestar atenção a o tendência recente vinho branco poder notar vinho moderno caminhar direção a o frescor geralmente alcançar colher uva cedo usar pouco carvalho novo chardonnay especialmente de o Califórnia de o Austrália em este categoria de o bom vinho ainda apresentar algum carvalho influência leve pouco carvalho novo tosta leve combinação levar transparência acidez energético Dr Viny,cardiffnlp/twitter-xlm-roberta-base-sentiment,NEUTRO,0.522639274597168,2025-10-30 00:12:39.363129
5,0,James Wellesley Stephen Burton oferecer investidor involuntário oportunidade fazer empréstimo juro elevar garantir vinho raro tanto vinho mutuário revelar se fictício,cardiffnlp/twitter-xlm-roberta-base-sentiment,NEUTRO,0.7277716994285583,2025-10-30 00:12:39.363129
6,0,querido dr vinny dever refrigerar garrafa vinho tinto abri la dizer sim amigo dizer nunca dever refrigerar vinho tinto John puntar gorda fla querido John querer conservar garrafa vinho abrir importar cor estilo recomendar sempre colocar ela em o geladeira manter garrafa abrir fria retardar oxidação poder fazer sabor de o vinho desapareçar pareçam opaco adquir nota indesejável de noz cozir embora geladeira de o cozinha local ideal armazenar garrafa fechar longo prazo frio rolha poder secar local perfeito garrafa aberto quanto tempo garrafa permanecer fresco vinho jovem desaparecer lentamente de o vinho velho claro próprio sensibilidade coisa entrar jogo algum dia geralmente descubro vinho perder charme em o geladeira ter amigo cuidar garrafa abrir semana algum estilo resistente a o oxidação de o outro então conselho experimentar descobrir funcionar bom vinho Devo observar vinho ficar abrir expor a o ar mês perfeitamente seguro beber então mal nenhum tentar gole ver gostar querer guardar garrafa aberto algum dia semana considerar método preservação coravin claro provavelmente ir querer deixar vinho tinto esquentar pouco poder apreciar ele bom tentar tirar garrafa de o geladeira pouco antes servir atingir temperatura ideal servir vinho ainda pouco frio pronto taça experimente colocar mão volta de o taça dever ajudar vinho esquentar rápido danem se impressão digital Dr Viny,cardiffnlp/twitter-xlm-roberta-base-sentiment,NEUTRO,0.49132490158081055,2025-10-30 00:12:39.363129
7,0,265 vinicultor comparecer servir vinho classificação 90 ponto em o noite abertura de o evento anual degustação três dia espectador vinho,cardiffnlp/twitter-xlm-roberta-base-sentiment,NEUTRO,0.839865505695343,2025-10-30 00:12:39.363129
8,0,dentro de o venetian em o Las Vegas Strip novo local de o criador tendência vinho carne repleto garrafa grande além de isso José Andrés abrir próprio churrascaria Txula Nova York Che Fico expander São Francisco,cardiffnlp/twitter-xlm-roberta-base-sentiment,NEUTRO,0.6834790706634521,2025-10-30 00:12:39.363129
9,0,destino Manhattan Brooklyn combinar vibração descontraír programa bebida premiar restaurante espectador vinho,cardiffnlp/twitter-xlm-roberta-base-sentiment,NEUTRO,0.8229913711547852,2025-10-30 00:12:39.363129
10,0,forçar sair de o vinícola homônimo família liderar mudança alto qualidade começar viansa la chertosa,cardiffnlp/twitter-xlm-roberta-base-sentiment,NEUTRO,0.46902233362197876,2025-10-30 00:12:39.363129
11,0,querido dr Viny entender simplesmente consigar colocar rolha volta em o garrafa puxar ela fazer errar Jay Parma Heights ohio querido Jay fazer nada errar em o verdade rolha intencionalmente cortar grande de o abertura garrafa vinho comprimir antes inserir em o gargalo de o garrafa fechar tão bem rolha retirar todo esmagamento desaparecer rolha assumir tamanho natural acontecer imediatamente deixar rolha durante noite notar provavelmente caber novamente ajuda dever acrescentar algum rolha parecer encaixar melhor de o outro fato de o vida de o vinho achar virar rolha cabeça baixo modo parte em o garrafa agora ficar cima facilitar entrada de o rolha especialmente fizer algum hora após abertura de o vinho claro estourar rolha vinho tinto escuro poder querer limpar ele primeiro correr risco deixar mão pouco roxa tentar empurrar rolha totalmente dentro apenas metade bastar de esse forma poder abri lo novamente facilmente variedade rolha vinho relativamente acessível reutilizável problema encontrar regularmente apenas certifique se encontrar bonito seguro em o gargalo de o garrafa dever mencionar rolha espumante entrar em o garrafa parecer cogumelo a o medida começar expandir volta a o forma original praticamente impossível reutilizar colocar rolha vinho normal outro garrafa garrafa bolha gás poder acumular dentro de o garrafa fazer rolha voar bom aposta conseguir algum rolha garrafa vinho espumante adorar tipo articular Dr Viny,cardiffnlp/twitter-xlm-roberta-base-sentiment,NEUTRO,0.5042330026626587,2025-10-30 00:12:39.363129
12,0,principal nome de o Itália participar de o degustação anual durante Vinitaly in Verona de o grande evento vinho de o mundo,cardiffnlp/twitter-xlm-roberta-base-sentiment,POSITIVO,0.5096142292022705,2025-10-30 00:12:39.363129
13,0,grande vencedor destacar em o cenário gastronômico alto calibre de o cidade lista vinho oferecer 1 600 seleção cada,cardiffnlp/twitter-xlm-roberta-base-sentiment,POSITIVO,0.7468031048774719,2025-10-30 00:12:39.363129
14,0,pesquisa mostrar consumo equilibrar moderar vinho poder saudável defensor de o anti álcool abafam,cardiffnlp/twitter-xlm-roberta-base-sentiment,NEUTRO,0.5806840658187866,2025-10-30 00:12:39.363129
15,0,dever ter óbvio vinícola Napa baixar preço safra pequeno,cardiffnlp/twitter-xlm-roberta-base-sentiment,NEGATIVO,0.45819708704948425,2025-10-30 00:12:39.363129
16,0,frequentemente esquecer uva muscardin de o Ródano ganhar atenção em o Califórnia,cardiffnlp/twitter-xlm-roberta-base-sentiment,NEGATIVO,0.4928456246852875,2025-10-30 00:12:39.363129
17,0,casa chop de o próximo onda tela amplo variedade cozinha vinho,cardiffnlp/twitter-xlm-roberta-base-sentiment,NEUTRO,0.7949658036231995,2025-10-30 00:12:39.363129
18,0,querido dr Vinny novo gerente vinícola influente em o leste Washington esperar criar guia turístico abrangente de o vinícola funcionário poder mostrar instalação a o hóspede maneira adequado poder explicar fundamento de o produção vinho esperar envergonhar enviar rascunho volta a o equipe produção confirmação Lauren Richland lave querida Lauren uau grande pergunta existir milhar decisão enólogo tomar a o longo de o processo vinificação cobrir todo aqui feliz dar ele algum dica geral sobre funcionar produção vinho ajudar ele projeto colheita primeiro uva colhir colher de o decisão importante enólogo tomar cada ano cedo uva madura suficiente tarde demais uva ficar madura demais poder ameaçar por o mau tempo chuva frio poder danificar uva promover doença apodrecimento poder querer saber uva vinícola colhir manualmente a o máquina colheita fazer a o noite manhã cedo uva bem fresco triagem prensagem fermentação uva chegar a o adega processar poder incluir triagem manual mecânico oportunidade colheita mog outro matéria uvo vinho branco produzir fermentar apenas suco modo uva normalmente prensar esmagar primeiro isolar suco escolha fazer sobre dificuldade esmagar uva então dever descobrir protocolo inclusive algum contato pele enólogo fazer escolha detalhe consultar guia fazer vinho branco vinho tinto fazer por o fermentação de o uva apenas de o suco poder desengaçar manter cacho inteiro onde uva ainda preso a o engaço esmagar algum combinação de estes fermentação vir seguir açúcar de o uva converter álcool ajuda de o fermento vinicultor poder adicionar levedura comercial deixar levedura nativo em o uva em o ar fazer trabalho descubra enólogo preferir quê durante fermentação número infinito decisão tomar algum produtor vinho gostar fermentação longo fresco outro algo pouco quente limite gerenciar punch downs pump overs acontecer fermentação parar carvalho carvalho infinidade recipiente fermentação cada usar motivo diferente aço inoxidável popular porque neutro permitir sabor frutar de o vinho brilher barris madeira existir milhar opção apenas barri considerar tanoeiro fazer barril nível torrada floresta vir madeira tipo madeira carvalho popular carvalho americano carvalho francês confer característica diferente utilizar castanha acácia outro madeira barril poder novo em esse caso conferir sabor especiaria baunilha poder usar neutro caso dever adicionar sabor poder ajudar completar textura de o vinho expor vinho pequeno quantidade oxigênio tamanho de o barril grande decisão existir outro recipiente fermentação fazer concreto porcelano vidro outro material todo ter atributo vinho poder vir único vasilho fazer partir mistura desde fermentação a o engarrafamento após fermentação primário enólogo ter decidir vinho passar por o conversão maloláctico medida normalmente vinho trasfegar separar suco de o sólido depositar em o vinificação então vinho poder envelhecir dia ano antes finalizar claro recipiente usar par envelhecimento outro decisão vinho ir mistura lote diferente considerar enólogo dever gerir cada lote separadamente misturar componente poder envelhecimento após processo finalmente enólogo precisar tomar decisão refinar filtrar estabilizar vinho frio então finalmente vinho engarrafar normalmente embora sempre adição dióxido enxofre algum vinho envelhecer ainda antes pronto venda poder ver decisão envolver em o produção vinho aparentemente infinito apenas ponta de o iceberg bom sorte projeto Dr Viny,cardiffnlp/twitter-xlm-roberta-base-sentiment,NEUTRO,0.4820406436920166,2025-10-30 00:12:39.363129
19,0,em o último quatro década evento de o região vinícola doar US 44 milhão instituição caridade local,cardiffnlp/twitter-xlm-roberta-base-sentiment,NEUTRO,0.6759802103042603,2025-10-30 00:12:39.363129
20,0,moët Chandon clo du bois aperol spritz honey duce alimentar país energizar abrir enquanto daou paso robles impressionar taylor Fritz conquistar xícara pia,cardiffnlp/twitter-xlm-roberta-base-sentiment,NEUTRO,0.5148952007293701,2025-10-30 00:12:39.363129
21,0,loja garrafa paladar Shoreham Reino Unido domine arte encontrar vinho gostar postr 5 dica especialista sobre comprar vinho profissional aparecer primeiro decanter,cardiffnlp/twitter-xlm-roberta-base-sentiment,NEUTRO,0.7666719555854797,2025-10-30 00:12:39.363129
22,0,vinher perto de o Monte Etna em o Sicília em o limite novo identidade vinho italiano post cristina mercuri vinho em o limite etna redefinir elegância aparecer primeiro em o decanter,cardiffnlp/twitter-xlm-roberta-base-sentiment,NEUTRO,0.5820367932319641,2025-10-30 00:12:39.363129
23,0,passo de o stelvio subir bormio envelhecimento subaquático poder ter rival pós envelhecimento em o montanha poder levar vinho de o Valtellina novo patamar aparecer primeiro decantador,cardiffnlp/twitter-xlm-roberta-base-sentiment,NEUTRO,0.45440396666526794,2025-10-30 00:12:39.363129
24,0,a o vez problema julgar livro por o capa postr charme de o rótulo vinho importar de o dentro aparecer primeiro decantador,cardiffnlp/twitter-xlm-roberta-base-sentiment,NEGATIVO,0.4834972620010376,2025-10-30 00:12:39.363129
25,0,encontrar garrafa perfeito experimente comprar vinho onliner postr especialista revelar bom truque comprar vinho onlinar aparecer primeiro em o decanter,cardiffnlp/twitter-xlm-roberta-base-sentiment,NEUTRO,0.5972519516944885,2025-10-30 00:12:39.363129
26,0,conhecer copresidente residente 2026 saber sobre novo função postagem apresentar copresidente residente de o dwwa dar boas vinda caro maurer mw aparecer primeiro decanter,cardiffnlp/twitter-xlm-roberta-base-sentiment,NEUTRO,0.5751635432243347,2025-10-30 00:12:39.363129
27,0,max richter compor peça musical torno três krug Cuvées projeto cada nota contar inspirar três cuvée post krug compositor max richter prestar homenagem musical a o excelente safra 2008 de o champanhe aparecer por o primeira vez em o decanter,cardiffnlp/twitter-xlm-roberta-base-sentiment,NEUTRO,0.5691477060317993,2025-10-30 00:12:39.363129
28,0,Lorraine Copes fundadora de o Bih leona pasquale profissional vinho de o ano Victoria Stanage chefe evento de o Decanter vencedor de o Bih Spotlight Awards Post Leona Pasquale eleger Profissional de o Vinho de o Ano em o Bih Spotlight Awards 2025 aparecer primeiro em o Decanter,cardiffnlp/twitter-xlm-roberta-base-sentiment,NEUTRO,0.5583723187446594,2025-10-30 00:12:39.363129
29,0,crédito Alex callejo simplesmente bom bom vinho de o post italy dwwa Best in show masterclassr em o vinitaly usar aparecer primeiro em o decanter,cardiffnlp/twitter-xlm-roberta-base-sentiment,POSITIVO,0.6082797646522522,2025-10-30 00:12:39.363129
30,0,CCTV capturar ladrão roubar cerca 3 000 garrafa vinho ucraniano principalmente espumante caminhão estacionar em o semana passado 3 000 garrafa vinho ucraniano roubar post ir lá marido em o linha frente vivemos constante estresse saúde mental forte suficiente lidar ainda precisar fazer trabalho choque de o empresa vinho ucraniano inação de o polícia relação a o roubo vinho aparecer primeiro decantador,cardiffnlp/twitter-xlm-roberta-base-sentiment,NEGATIVO,0.8143372535705566,2025-10-30 00:12:39.363129
31,0,tequila enemigo finito extra añejo finalizar barril vinho premier cru de o apenas 300 lançado post tequila de o barril vinho premier cru vender US 9 mil em o Sotheby s aparecer primeiro em o decanter,cardiffnlp/twitter-xlm-roberta-base-sentiment,NEUTRO,0.5593317151069641,2025-10-30 00:12:39.363129
32,0,adeus confinamento varietal post andrew jefford conjunto possibilidade agrupar chenin poder deslumbrar aparecer por o primeira vez em o decanter,cardiffnlp/twitter-xlm-roberta-base-sentiment,NEUTRO,0.46674492955207825,2025-10-30 00:12:39.363129
33,0,incluir primeiro documento Calábria postr notícia sobre vinho de o Itália resumo aparecer primeiro em o decanter,cardiffnlp/twitter-xlm-roberta-base-sentiment,NEUTRO,0.8319070339202881,2025-10-30 00:12:39.363129
34,0,a o medida fruta começar murchar chegar aroma de o outono trazer a o mente glorioso grenache década explorar ritmo de o estação de o aroma pós cheiro sentido negligenciar poder fundamentar aparecer primeiro em o decanter,cardiffnlp/twitter-xlm-roberta-base-sentiment,NEUTRO,0.4733903110027313,2025-10-30 00:12:39.363129
35,0,destilador Lila serenelli de o destilaria argentino la alanza em o base marambio em o antártica pioneiro single malt ultrapassar limite de o produção whisky the post isla marambio primeiro whisky envelhecido em o antártica lançar em o próximo ano aparecer por o primeira vez em o decanter,cardiffnlp/twitter-xlm-roberta-base-sentiment,NEUTRO,0.5333236455917358,2025-10-30 00:12:39.363129
36,0,ota em o Córsega Katherine Cole sobre orgulho regional de o vinho postr Katherine Cole viticultura ato resistência querer juntar a o revolução aparecer primeiro em o decanter,cardiffnlp/twitter-xlm-roberta-base-sentiment,NEUTRO,0.4789849519729614,2025-10-30 00:12:39.363129
37,0,complexidade de o saúde de o bebida post Andrew Jefford dever fazer pânico vender adega assinar compromisso aparecer primeiro em o decantador,cardiffnlp/twitter-xlm-roberta-base-sentiment,NEGATIVO,0.8726603984832764,2025-10-30 00:12:39.363129
38,0,luxuoso propriedade Napa Valley incluir quase 2 7 hectare vinhedo cabernet Sauvignon propriedade pós luxo Napa Valley Cabernet vender quase US 13 5 milhão aparecer primeiro em o decanter,cardiffnlp/twitter-xlm-roberta-base-sentiment,POSITIVO,0.52093905210495,2025-10-30 00:12:39.363129
39,0,terceiro leilão prol de o fundação cultura civilização de o vinho lote incluir vinho todo 88 vinho classificar Bordeaux 1855 post sotheby s cité du vin bordeaux revelar leilão caridade repleto estrela viagem por o grande propriedade de o vinho aparecer por o primeira vez em o decanter,cardiffnlp/twitter-xlm-roberta-base-sentiment,NEUTRO,0.5144599676132202,2025-10-30 00:12:39.363129
40,0,convidado de o jantar em o século 21 enfrentar nível álcool elevar de o homólogo de o década 1960 ato equilíbrio post ir reconsiderar pensar sobre nível álcool aparecer primeiro em o decantador,cardiffnlp/twitter-xlm-roberta-base-sentiment,NEUTRO,0.6237303018569946,2025-10-30 00:12:39.363129
41,0,Leilão de o Cape Winemakers Guild 41º leilão de o CWG apresentar 48 lote exclusivo leilão pós Cape Winemakers Guild apresentar novo de o bom vinho sul africanos aparecer primeiro em o Decanter,cardiffnlp/twitter-xlm-roberta-base-sentiment,NEUTRO,0.5277953743934631,2025-10-30 00:12:39.363129
42,0,magnum de o Château Lafite rothschild 1870 apresentar em o leilão zachys de o coleção Jacqueline rothschild piatigorsky château Lafite rothschild 1870 estrelar venda marco leilão pós histórico vinho bordeaux de o século 19 chegar US 11 milhão zachys aparecer primeiro em o decanter,cardiffnlp/twitter-xlm-roberta-base-sentiment,NEUTRO,0.5209368467330933,2025-10-30 00:12:39.363129
43,0,vista de o Centro otago de o vinhedo Ripon olhada último edição post lançamento de o revista decanter outubro 2025 ver ter dentro aparecer primeiro decanter,cardiffnlp/twitter-xlm-roberta-base-sentiment,NEUTRO,0.666776716709137,2025-10-30 00:12:39.363129
123,0,final amargo desagradável,cardiffnlp/twitter-xlm-roberta-base-sentiment,NEGATIVO,0.9675255417823792,2025-10-30 00:12:45.738351
124,0,bom comida de o sozinho,cardiffnlp/twitter-xlm-roberta-base-sentiment,POSITIVO,0.42326346039772034,2025-10-30 00:12:45.738351
44,0,mulher beber vinho espumante cap classique África de o Sul milênio herança cultural laço social investigação científico jogo apelo pós histórico líder global de o vinho uner contra impulso desnormalização em o cúpula de o ONU aparecer primeiro em o decanter,cardiffnlp/twitter-xlm-roberta-base-sentiment,NEUTRO,0.5195839405059814,2025-10-30 00:12:39.363129
45,0,de o esquerda Nicolas Joly ganhador de o prêmio Hall de o Fama de o Decanter 2025 estrela ascensão Wu Xiuyong ver destinatário de este ano hall de o fama pós decanter vencedor de o estrela ascensão 2025 revelado aparecer primeiro decanter,cardiffnlp/twitter-xlm-roberta-base-sentiment,NEUTRO,0.5685672163963318,2025-10-30 00:12:39.363129
46,0,logotipo bih conhecer quatro finalista postr decanter patrocina profissional vinho de o ano em o prêmio bih spotlight 2025 aparecer primeiro decanter,cardiffnlp/twitter-xlm-roberta-base-sentiment,NEUTRO,0.6755775809288025,2025-10-30 00:12:39.363129
47,0,Vinhos Vin Santo recomendar Richard Baudains postr Provei 100 vinho Vin Santo aqui poder comprar aparecer primeiro em o decanter,cardiffnlp/twitter-xlm-roberta-base-sentiment,NEUTRO,0.6769329309463501,2025-10-30 00:12:39.363129
48,0,terra ho post willem dafoer unir laphroaig descubra sabor trás de o campanha The taste aparecer por o primeira vez em o decanter,cardiffnlp/twitter-xlm-roberta-base-sentiment,NEUTRO,0.47196516394615173,2025-10-30 00:12:39.363129
49,0,perca compra bom valor postr oito bom vinho de o Rhône comprar em o supermercado aparecer primeiro em o decanter,cardiffnlp/twitter-xlm-roberta-base-sentiment,NEUTRO,0.4991960823535919,2025-10-30 00:12:39.363129
50,0,pessoal de o agrïa plantar primeiro vinha bel ombre esperança primeiro safra branco rosé 2028 vinha pós franceso criar raíz em o Maurícias amostra de o futuro safro 2028 aparecer por o primeira vez em o decanter,cardiffnlp/twitter-xlm-roberta-base-sentiment,NEUTRO,0.4618697762489319,2025-10-30 00:12:39.363129
51,0,em o degustação a o cega outubro 2025 de o confraria de o amarante realizar painel 8 châteauneuf du pape resultado seguinte vinho,cardiffnlp/twitter-xlm-roberta-base-sentiment,NEUTRO,0.6007734537124634,2025-10-30 00:12:39.363129
52,0,organizar realizar em o espaço vip de o empório Frei canecar São Paulo 6 gin importar 1 brasileiro participante André Novaes Patury Get trade importador Mário separovic rodrigues dono empório frei caneca Maurício leme la pastina ruber Cecchini diretor água prata,cardiffnlp/twitter-xlm-roberta-base-sentiment,NEUTRO,0.7170805931091309,2025-10-30 00:12:39.363129
53,0,organizar realizar em o espaço vip de o empório Frei canecar São Paulo 4 gin importar 4 brasileiro participante André Novaes Patury Get trade importador Mário separovic rodrigues dono empório frei caneca Newton duarter barro sócio de o North bar grill pablo palumbo consumidor,cardiffnlp/twitter-xlm-roberta-base-sentiment,NEUTRO,0.6875159740447998,2025-10-30 00:12:39.363129
54,0,em o degustação a o cega de o confraria de o amarante agosto 2025 provar 8 grande tinto europeu ordenação de o vinho assim respectivo,cardiffnlp/twitter-xlm-roberta-base-sentiment,NEUTRO,0.5538105964660645,2025-10-30 00:12:39.363129
55,0,organizar realizar em o espaço vip de o empório Frei canecar São Paulo 6 gin importar 1 brasileiro participante André Novaes Patury Get trade importador Mário separovic rodrigues dono empório frei caneca Newton duarter barro sócio de o North bar grill,cardiffnlp/twitter-xlm-roberta-base-sentiment,NEUTRO,0.7389514446258545,2025-10-30 00:12:39.363129
56,0,em o degustação a o cega de o confraria de o amarante julho 2025 provar 8 grands crus classés de o aoc Margaux ordenação de o 8 participante de o noitada abaixo assim respectivo,cardiffnlp/twitter-xlm-roberta-base-sentiment,NEUTRO,0.5061978101730347,2025-10-30 00:12:39.363129
57,0,organizar realizar em o espaço vip de o shopping frar canecar São Paulo 5 gin importar 2 brasileiro participante André Novaes Patury Get trade importador marco China llopis Lee sócio de o ex bar bar Marcelo Ramos consumidor Mário separovic rodrigues dono empório frei caneca Newton duarter barro sócio de o North bar grill pablo palumbo casa cervante,cardiffnlp/twitter-xlm-roberta-base-sentiment,NEUTRO,0.58306884765625,2025-10-30 00:12:39.363129
58,0,em o degustação a o cega de o confraria de o amarante junho 2025 provar 1 tinto de o dar 4 tinto duriense colocação de o caldo segundo confrade respectivo nota,cardiffnlp/twitter-xlm-roberta-base-sentiment,NEUTRO,0.5360713601112366,2025-10-30 00:12:39.363129
59,0,em o degustação maio 2025 de o confraria de o amarante realizar painel bem diferente 3 pinot noir neozelandês 2 pinot noir californiano 1 pinot noir de o oregon ver abaixo ordenação preferência de o grupo respectivo,cardiffnlp/twitter-xlm-roberta-base-sentiment,NEUTRO,0.620715856552124,2025-10-30 00:12:39.363129
60,0,organizar realizar em o North grill de o shopping frar canecar São Paulo 7 gim importar 1 brasileiro participante André Novaes Patury Get trade importador Gerson Morelli consumidor Mário separovic rodrigues dono empório frei caneca Maurício leme la pastina Newton duarter barro sócio de o North bar grill,cardiffnlp/twitter-xlm-roberta-base-sentiment,NEUTRO,0.6311219930648804,2025-10-30 00:12:39.363129
61,0,confraria de o padre de o orientador fazer degustação interessante 5 vosne romanée premiers Crus safra nota 9 10 colocação de eles em o grupo respectivo nota,cardiffnlp/twitter-xlm-roberta-base-sentiment,NEUTRO,0.5680581331253052,2025-10-30 00:12:39.363129
62,0,em o degustação abril 2025 de o confraria de o amarante realizar painel 9 tinto ribera del duero resultado de o prova respectivo nota seguinte vinho,cardiffnlp/twitter-xlm-roberta-base-sentiment,NEUTRO,0.7128090858459473,2025-10-30 00:12:39.363129
63,0,em o degustação de o confraria sofisa abril 2025 degustar a o cega 8 vinho 100 chardonnay 4 argentino 2 valle uco 2 patagônia 4 chileno 2 coquimbo 1 aconcagua 1 patagônia resultado de o prova avaliação seguinte vinho,cardiffnlp/twitter-xlm-roberta-base-sentiment,NEUTRO,0.5893737077713013,2025-10-30 00:12:39.363129
64,0,organizar realizar em o espaço vip de o shopping frar canecar São Paulo 7 gim importar 1 brasileiro participante André Novaes Patury Get trade importador marco China llopis Lee sócio de o ex bar bar Mário separovic rodrigues dono empório frei caneca Newton duarter barro sócio de o North bar grill fabio ota mega sake,cardiffnlp/twitter-xlm-roberta-base-sentiment,NEUTRO,0.5923343896865845,2025-10-30 00:12:39.363129
65,0,março 2025 confraria de o amarante resolver degustar 5 brunello di montalcino ter rosso di montalcino pirato resultado de ela mostrar abaixo junto,cardiffnlp/twitter-xlm-roberta-base-sentiment,NEUTRO,0.5451752543449402,2025-10-30 00:12:39.363129
66,0,organizar realizar em o espaço vip de o shopping frar canecar São Paulo 7 gim importar 1 brasileiro participante André Novaes Patury Get trade importador domingo meirelles sócio de o bar sóshots gin Club Mário separovic rodrigues dono empório frei caneca Maurício leme la pastina Newton duarter barro sócio de o North bar grill Paulo Lacombe consumidor,cardiffnlp/twitter-xlm-roberta-base-sentiment,NEUTRO,0.6507977843284607,2025-10-30 00:12:39.363129
67,0,fevereiro 2025 confraria de o amarante resolver fazer degustação especial 7 de o vinho topo de o rhône nord casta syrah resultado de o prova avaliação seguinte vinho,cardiffnlp/twitter-xlm-roberta-base-sentiment,NEUTRO,0.6094568371772766,2025-10-30 00:12:39.363129
125,0,excesso Madeira pouco elegante,cardiffnlp/twitter-xlm-roberta-base-sentiment,NEGATIVO,0.9008585214614868,2025-10-30 00:12:45.738351
126,0,esperar ficar aquém,cardiffnlp/twitter-xlm-roberta-base-sentiment,NEUTRO,0.474102646112442,2025-10-30 00:12:45.738351
68,0,organizar patrocinar por o gerson morelli realizar em o North grill de o shopping frar canecar São Paulo de o gim caro de o mundo US 750 holandês nolet s reserve exemplar degustar nº 359 490 garrafa elaborar em o lote l 2214iq314 participante André Novaes Patury Get trade importador fabio ota mega sake Gerson Morelli consumidor Mário separovic rodrigues,cardiffnlp/twitter-xlm-roberta-base-sentiment,NEUTRO,0.5707808136940002,2025-10-30 00:12:39.363129
69,0,organizar realizar em o espaço vip de o shopping frar canecar São Paulo 7 gim importar 1 brasileiro participante domingo meirelles sócio de o bar sóshots gin Club fabio ota mega sake Gerson Morelli consumidor marco China llopis Lee sócio de o ex bar bar Mário separovic rodrigues dono empório frei caneca Newton duarter barro sócio de o North bar grill Paulo Lacombe consumidor,cardiffnlp/twitter-xlm-roberta-base-sentiment,NEUTRO,0.5872927308082581,2025-10-30 00:12:39.363129
70,0,organizar realizar em o espaço vip de o shopping frar canecar São Paulo 5 gin japonês participante André Novaes Patury Get trade importador fabio ota mega sake Mário separovic rodrigues dono empório frei caneca Newton duarter barro sócio de o North bar grill,cardiffnlp/twitter-xlm-roberta-base-sentiment,NEUTRO,0.6592967510223389,2025-10-30 00:12:39.363129
71,0,acidez vinho apresentar se dois maneira distinto sob forma acidez total sob àquela acidez volátil acidez total costumo associar acidez vinho a o esqueleto corpo humano fundamental pois garantir equilíbrio vinho transmitir frescor a o vinho além garantir grande longevidade a o vinho deficiente ácido tornar se chato a o passo excesso ácido ficar desarmônico principal ácido orgânico presente,cardiffnlp/twitter-xlm-roberta-base-sentiment,NEUTRO,0.5565222501754761,2025-10-30 00:12:39.363129
72,0,em o último dia 12 14 setembro realizour se tour em o França 5ª edição de o tradicional mondial du fromage et des produit laitiers 2021 concurso bianual importante cotejo mundial de o setor queijeiro de este feita participar 940 produto 46 país resultado apontar 331 queijo medalhado 30 supergold 81,cardiffnlp/twitter-xlm-roberta-base-sentiment,NEUTRO,0.5614246129989624,2025-10-30 00:12:39.363129
73,0,posição vinho preço medio usd 1 domínio la romanee conti romanee conti grand cru cote nuit França 19 542 2 domaine leroy Musigny grand cru cote nuit França 15 342 3 egon muller scharzhofberger riesling trockenbeerenauslese mosel,cardiffnlp/twitter-xlm-roberta-base-sentiment,NEUTRO,0.44852566719055176,2025-10-30 00:12:39.363129
74,0,basear em o decex orgão de o ministério de o desenvolvimento indústria comércio exterior consultor internacional adãor morellatto consolidar quadro retratar importação brasileiro vinho espumante 2017 a o seguir apresentar tabela unificar vinho espumante mostrar volume importar país em o referir,cardiffnlp/twitter-xlm-roberta-base-sentiment,NEUTRO,0.6233627200126648,2025-10-30 00:12:39.363129
75,0,basear em o decex orgão de o ministério de o desenvolvimento indústria comércio exterior uvibra união brasileiro vitivinicultura elaborar dois quadro retratar importação brasileiro vinho espumante 2016 a o seguir apresentar tabela unificar vinho espumante mostrar volume importar país em o referir,cardiffnlp/twitter-xlm-roberta-base-sentiment,NEUTRO,0.6462931036949158,2025-10-30 00:12:39.363129
76,0,vinho 1 romanée conti grand cru dom romanée contir US 13 908 2 scharzhofberger mosel riesling trockenbeerenauslese egon müller scharzhof US 10 370 3 Musigny grand cru dom leroy US 7 121 4 montrachet grand cru dom leflaive US 6 025 5 Musigny grand cru dom Georges christophe roumier US 5 313 6 montrachet grand cru dom romanée contir US 4 785 7 wehlener Sonnenuhr riesling,cardiffnlp/twitter-xlm-roberta-base-sentiment,NEUTRO,0.4087240695953369,2025-10-30 00:12:39.363129
77,0,produtor m chapoutier classificação igp pays d oc região languedoc roussillon França uvas grenache syrah maturação vaso aço inox pileta concreto armar teor alcoólico 13 5 descrição cor rubi violácea brilhante bouquet intenso amplo limpo perfumar frutar especiar ponto alto sabor médio corpo levemente tânico ainda acidez marcante sobre fruta final boca saboroso sobressair bastante alimento nota 89 preço R 75 87 querer,cardiffnlp/twitter-xlm-roberta-base-sentiment,NEUTRO,0.5067042112350464,2025-10-30 00:12:39.363129
78,0,produção mundial vinho rosésr tranquilo aumentar bastante desde 2002 16 3 passar 20 9 milhão hectolitro 24 3 milhão hectolitro 2014 volume representar 9 6 todo produção vinho tranquilo país produção,cardiffnlp/twitter-xlm-roberta-base-sentiment,NEUTRO,0.5523329377174377,2025-10-30 00:12:39.363129
79,0,produtor badia coltibuono classificação chiantir classico docg região toscano Itália uvas 100 sangiovese vinher seleção diverso vinhedo pertencente a o pequeno notável cultivador de o zona produção de o chianti classico maturação algum mês tonel barrica carvalho francês teor alcoólico 14 0 descriçãor ter coloração rubi claro bouquet intenso perfumar equilibrado fino adocicar nota fruta vermelho especiaria ponto,cardiffnlp/twitter-xlm-roberta-base-sentiment,NEUTRO,0.5087870955467224,2025-10-30 00:12:39.363129
80,0,produção mundial vinho espumante aumentar significativamente em esse último 10 ano 40 passar 12 7 milhão hectolitro 2003 17 6 milhão hectolitro 2013 a o passo em o período de o vinho tranqüilo aumentar apenas 7 explica se por o consumo de esse produto passar evolução mudança em o hábito principalmente festivo consumação regular país,cardiffnlp/twitter-xlm-roberta-base-sentiment,NEUTRO,0.6265845894813538,2025-10-30 00:12:39.363129
81,0,paul sauer 2010 produtor kanonkop Região simonsberg stellenbosch wo África de o Sul uvas 68 cabernet Sauvignon 16 merlot 16 cabernet franc vinher próprio idade médio 22 ano rendimento apenas 23 4 hl ha grande safra de esse região maturação 26 mês barrica novo carvalho francês tostagem médio nevers teor alcoólico 14 5 descrição ter coloração rubi violácea escuro bouquet intenso complexo classudo adocicar exalar fruta,cardiffnlp/twitter-xlm-roberta-base-sentiment,NEUTRO,0.5542464256286621,2025-10-30 00:12:39.363129
82,0,vinho 1 romanée conti grand cru dom romanée contir US 13 021 2 scharzhofberger mosel riesling trockenbeerenauslese egon müller scharzhof US 8 982 3 montrachet grand cru dom leflaive US 5 775 4 Musigny grand cru dom leroy US 5 233 5 Musigny grand cru dom Georges christophe roumier US 5 155 6 wehlener Sonnenuhr riesling trockenbeerenauslese joh José prüm US 4 831 7 montrachet grand cru,cardiffnlp/twitter-xlm-roberta-base-sentiment,NEUTRO,0.4067854881286621,2025-10-30 00:12:39.363129
83,0,basear em o decex orgão de o ministério de o desenvolvimento indústria comércio exterior uvibra união brasileiro vitivinicultura elaborar dois quadro retratar importação brasileiro vinho espumante 2015 a o seguir apresentar tabela unificar vinho espumante mostrar volume importar país em o referir ano país,cardiffnlp/twitter-xlm-roberta-base-sentiment,NEUTRO,0.643638551235199,2025-10-30 00:12:39.363129
84,0,produtor bodega esmeralda região mendoza argentino uvo tempranillo 100 vinificação vinificar rosé maceração pelicular 24 hora maturação vaso aço inox teor alcoólico 13 5 descrição coloração rosado bem clarinho em o nariz mostra se frutar vinoso enche boca ótimo densidade bom nervo fruta fresco retrogosto médio intensidade permanecer gostoso em o boca ponto alto nota 87 5 preço R 46 18 US 12 90,cardiffnlp/twitter-xlm-roberta-base-sentiment,NEUTRO,0.49731460213661194,2025-10-30 00:12:39.363129
127,0,nota baunilha especiaria bem integrar,cardiffnlp/twitter-xlm-roberta-base-sentiment,POSITIVO,0.39373207092285156,2025-10-30 00:12:45.738351
128,0,nariz fechar melhorar após decantar,cardiffnlp/twitter-xlm-roberta-base-sentiment,POSITIVO,0.43320125341415405,2025-10-30 00:12:45.738351
85,0,produtor m chapoutier classificação igp pays d oc região languedoc roussillon França uvas grenache cinsault vinificação vinificar rosé maturação 3 4 mês borra vaso aço inox pileta concreto armar teor alcoólico 13 0 descrição ter cor casca cebola claro aroma vinoso ter nota floral sabor denso encher boca ótimo acidez alto refrescância final boca longo gratificante nota 90 preço R 99 64 querer comprar,cardiffnlp/twitter-xlm-roberta-base-sentiment,NEUTRO,0.47711920738220215,2025-10-30 00:12:39.363129
86,0,produtor paul jaboulet aînér classificação vin france rouge região vallée du rhône languedoc França uvas 100 syrah maturação madeira teor alcoólico 13 5 descrição ter coloração violáceo escuro olfato intenso limpo denotar fruta silvestr madura especiaria defumadinho delicar complexo paladar elegante bom nervo tão concentrar bom densidade ainda ligeiramente tânico retrogosto médio intensidade porém,cardiffnlp/twitter-xlm-roberta-base-sentiment,NEUTRO,0.43512576818466187,2025-10-30 00:12:39.363129
87,0,produtor coppo classificação barbera d asti docg região piemonte Itália uvas 100 barberar vinhedo cascina Gavelli em o comuna castelnuovo calcea vinificação adição dióxido Enxôfre so2 portanto vinho natural maturação 9 mês barrica carvalho francês teor alcoólico 14 0 descriçãor coloração violácea escuro aroma amplo intenso carvalho perceptível denotar fruta vermelho preto floral leve agradável nota,cardiffnlp/twitter-xlm-roberta-base-sentiment,NEUTRO,0.5333765149116516,2025-10-30 00:12:39.363129
88,0,produtor m chapoutier classificação côtes du roussillon villages aoc região languedoc roussillon França vinher domaine bila haut uvo syrah grenache carignan maturação madeira teor alcoólico 14 5 descrição apresentar coloração rubi violácea escuro bouquet intenso adocicar nota frutar cereja preto especiaria sabor ainda levemente tânico encorpar bom acidez ótim fruta preto de o bosque retrogosto longo marcante,cardiffnlp/twitter-xlm-roberta-base-sentiment,NEUTRO,0.43204793334007263,2025-10-30 00:12:39.363129
89,0,produtor pazo señorans Região rías baixo de o galiciar espanha uvas 100 albariño variedade branco nativo de o galicia de o norte Portugal onde chamar alvarinho vinhedo em o valle del salnés em o província pontevedra em o galicia maturação 5 mês sobre borra aço inoxidável teor alcoólico 12 5 descrição cor amarelo palha brilhante reflexo esverdeado em o nariz amplo bom intensidade caráter de o variedade sabor ter bom nervo,cardiffnlp/twitter-xlm-roberta-base-sentiment,NEUTRO,0.5098954439163208,2025-10-30 00:12:39.363129
90,0,produtor domaine Drouhin Região oregon Estados Unidos uva 100 pinot noir vinhedo dundee hills Willamette valley em o oregon maturação 14 mês barrica carvalho francês 20 novo teor alcoólico 14 1 descrição ter coloração rubi tom mediano bouquet complexo futo negro de o bosque especiaria nota floral sabor opulento aveludar médio corpo frutar elegante retrogosto longo excelente nota 92 preço US 97 90 R,cardiffnlp/twitter-xlm-roberta-base-sentiment,NEUTRO,0.5121683478355408,2025-10-30 00:12:39.363129
91,0,1 richebourg grand cru henri jayer US 14 395 2 romanée conti grand cru dom romanée contir US 11 823 3 vosne romanée cro parantoux 1er cru henri jayer US 5 436 4 montrachet grand cru dom leflaive US 5 264 5 scharzhofberger mosel riesling trockenbeerenauslese egon müller scharzhof US 5 247 6 montrachet grand cru dom romanée contir US 4 293 7 Musigny grand cru dom Georges roumier US 3 848 8 echézeaux grand cru,cardiffnlp/twitter-xlm-roberta-base-sentiment,NEGATIVO,0.38677048683166504,2025-10-30 00:12:39.363129
92,0,exemplo descrição evento poder editar descrição querer remover evento,cardiffnlp/twitter-xlm-roberta-base-sentiment,NEUTRO,0.7659368515014648,2025-10-30 00:12:39.363129
93,0,aroma discreto boca correto,cardiffnlp/twitter-xlm-roberta-base-sentiment,NEUTRO,0.4625456631183624,2025-10-30 00:12:45.738351
94,0,corpo médio acidez equilibrar,cardiffnlp/twitter-xlm-roberta-base-sentiment,NEUTRO,0.6522961854934692,2025-10-30 00:12:45.738351
95,0,preço elevar qualidade,cardiffnlp/twitter-xlm-roberta-base-sentiment,NEUTRO,0.5788896679878235,2025-10-30 00:12:45.738351
96,0,equilibrar versátil a o mesa,cardiffnlp/twitter-xlm-roberta-base-sentiment,NEUTRO,0.6186188459396362,2025-10-30 00:12:45.738351
97,0,textura sedoso final prolongar,cardiffnlp/twitter-xlm-roberta-base-sentiment,NEGATIVO,0.8496590256690979,2025-10-30 00:12:45.738351
98,0,seco mineral gastronômico,cardiffnlp/twitter-xlm-roberta-base-sentiment,NEGATIVO,0.7814607620239258,2025-10-30 00:12:45.738351
99,0,bom dia a dia,cardiffnlp/twitter-xlm-roberta-base-sentiment,POSITIVO,0.6437505483627319,2025-10-30 00:12:45.738351
100,0,esperar ficar aquém,cardiffnlp/twitter-xlm-roberta-base-sentiment,NEUTRO,0.474102646112442,2025-10-30 00:12:45.738351
101,0,equilibrar versátil a o mesa,cardiffnlp/twitter-xlm-roberta-base-sentiment,NEUTRO,0.6186188459396362,2025-10-30 00:12:45.738351
102,0,final amargo desagradável,cardiffnlp/twitter-xlm-roberta-base-sentiment,NEGATIVO,0.9675255417823792,2025-10-30 00:12:45.738351
103,0,perfeito acompanhar carne vermelho,cardiffnlp/twitter-xlm-roberta-base-sentiment,POSITIVO,0.5675464272499084,2025-10-30 00:12:45.738351
104,0,seco mineral gastronômico,cardiffnlp/twitter-xlm-roberta-base-sentiment,NEGATIVO,0.7814607620239258,2025-10-30 00:12:45.738351
105,0,excelente qualidade superar expectativa,cardiffnlp/twitter-xlm-roberta-base-sentiment,POSITIVO,0.8090752363204956,2025-10-30 00:12:45.738351
106,0,seco mineral gastronômico,cardiffnlp/twitter-xlm-roberta-base-sentiment,NEGATIVO,0.7814607620239258,2025-10-30 00:12:45.738351
107,0,cheiro desagradável a o abertura,cardiffnlp/twitter-xlm-roberta-base-sentiment,NEGATIVO,0.964712917804718,2025-10-30 00:12:45.738351
108,0,surpreender por o positivo bom,cardiffnlp/twitter-xlm-roberta-base-sentiment,POSITIVO,0.7733023762702942,2025-10-30 00:12:45.738351
109,0,demasiado ácido gosto,cardiffnlp/twitter-xlm-roberta-base-sentiment,NEGATIVO,0.8523842096328735,2025-10-30 00:12:45.738351
110,0,ok partilhar amigo,cardiffnlp/twitter-xlm-roberta-base-sentiment,POSITIVO,0.4679684638977051,2025-10-30 00:12:45.738351
111,0,frutar fresco ótimo verão,cardiffnlp/twitter-xlm-roberta-base-sentiment,POSITIVO,0.838151216506958,2025-10-30 00:12:45.738351
112,0,precisar arejamento mostrar,cardiffnlp/twitter-xlm-roberta-base-sentiment,NEUTRO,0.5444207191467285,2025-10-30 00:12:45.738351
113,0,álcool demasiado presente desequilibrar,cardiffnlp/twitter-xlm-roberta-base-sentiment,NEGATIVO,0.87334144115448,2025-10-30 00:12:45.738351
114,0,perfeito acompanhar carne vermelho,cardiffnlp/twitter-xlm-roberta-base-sentiment,POSITIVO,0.5675464272499084,2025-10-30 00:12:45.738351
115,0,precisar arejamento mostrar,cardiffnlp/twitter-xlm-roberta-base-sentiment,NEUTRO,0.5444207191467285,2025-10-30 00:12:45.738351
116,0,nota baunilha especiaria bem integrar,cardiffnlp/twitter-xlm-roberta-base-sentiment,POSITIVO,0.39373207092285156,2025-10-30 00:12:45.738351
117,0,oxidar garrafar possivelmente mal acondicionar,cardiffnlp/twitter-xlm-roberta-base-sentiment,NEGATIVO,0.7785001993179321,2025-10-30 00:12:45.738351
118,0,equilibrar versátil a o mesa,cardiffnlp/twitter-xlm-roberta-base-sentiment,NEUTRO,0.6186188459396362,2025-10-30 00:12:45.738351
119,0,excelente qualidade superar expectativa,cardiffnlp/twitter-xlm-roberta-base-sentiment,POSITIVO,0.8090752363204956,2025-10-30 00:12:45.738351
120,0,demasiado ácido gosto,cardiffnlp/twitter-xlm-roberta-base-sentiment,NEGATIVO,0.8523842096328735,2025-10-30 00:12:45.738351
121,0,adorar voltar comprar,cardiffnlp/twitter-xlm-roberta-base-sentiment,POSITIVO,0.4439743757247925,2025-10-30 00:12:45.738351
122,0,perfeito acompanhar carne vermelho,cardiffnlp/twitter-xlm-roberta-base-sentiment,POSITIVO,0.5675464272499084,2025-10-30 00:12:45.738351
129,0,adorar voltar comprar,cardiffnlp/twitter-xlm-roberta-base-sentiment,POSITIVO,0.4439743757247925,2025-10-30 00:12:45.738351
130,0,agradável a o paladar aroma intenso,cardiffnlp/twitter-xlm-roberta-base-sentiment,POSITIVO,0.786159336566925,2025-10-30 00:12:45.738351
131,0,final curto agradável,cardiffnlp/twitter-xlm-roberta-base-sentiment,POSITIVO,0.8037118911743164,2025-10-30 00:12:45.738351
132,0,oxidar garrafar possivelmente mal acondicionar,cardiffnlp/twitter-xlm-roberta-base-sentiment,NEGATIVO,0.7785001993179321,2025-10-30 00:12:45.738351
133,0,surpreender por o positivo bom,cardiffnlp/twitter-xlm-roberta-base-sentiment,POSITIVO,0.7733023762702942,2025-10-30 00:12:45.738351
134,0,final amargo desagradável,cardiffnlp/twitter-xlm-roberta-base-sentiment,NEGATIVO,0.9675255417823792,2025-10-30 00:12:45.738351
135,0,final curto agradável,cardiffnlp/twitter-xlm-roberta-base-sentiment,POSITIVO,0.8037118911743164,2025-10-30 00:12:45.738351
136,0,precisar arejamento mostrar,cardiffnlp/twitter-xlm-roberta-base-sentiment,NEUTRO,0.5444207191467285,2025-10-30 00:12:45.738351
137,0,adorar voltar comprar,cardiffnlp/twitter-xlm-roberta-base-sentiment,POSITIVO,0.4439743757247925,2025-10-30 00:12:45.738351
138,0,adorar voltar comprar,cardiffnlp/twitter-xlm-roberta-base-sentiment,POSITIVO,0.4439743757247925,2025-10-30 00:12:45.738351
139,0,excelente qualidade superar expectativa,cardiffnlp/twitter-xlm-roberta-base-sentiment,POSITIVO,0.8090752363204956,2025-10-30 00:12:45.738351
140,0,excelente qualidade superar expectativa,cardiffnlp/twitter-xlm-roberta-base-sentiment,POSITIVO,0.8090752363204956,2025-10-30 00:12:45.738351
141,0,surpreender por o positivo bom,cardiffnlp/twitter-xlm-roberta-base-sentiment,POSITIVO,0.7733023762702942,2025-10-30 00:12:45.738351
142,0,frutar fresco ótimo verão,cardiffnlp/twitter-xlm-roberta-base-sentiment,POSITIVO,0.838151216506958,2025-10-30 00:12:45.738351
143,1,seco mineral gastronômico,cardiffnlp/twitter-xlm-roberta-base-sentiment,NEGATIVO,0.7814607620239258,2025-10-30 00:12:48.223339
144,2,final amargo pouco harmonioso,cardiffnlp/twitter-xlm-roberta-base-sentiment,NEGATIVO,0.9527518153190613,2025-10-30 00:12:48.223339
145,3,tanino suave final prolongar,cardiffnlp/twitter-xlm-roberta-base-sentiment,POSITIVO,0.5104565620422363,2025-10-30 00:12:48.223339
146,4,frutar fresco ótimo verão,cardiffnlp/twitter-xlm-roberta-base-sentiment,POSITIVO,0.838151216506958,2025-10-30 00:12:48.223339
147,1,seco mineral gastronômico,cardiffnlp/twitter-xlm-roberta-base-sentiment,NEGATIVO,0.7814607620239258,2025-10-30 00:12:48.223339
148,2,nota baunilha especiaria bem integrar,cardiffnlp/twitter-xlm-roberta-base-sentiment,POSITIVO,0.39373207092285156,2025-10-30 00:12:48.223339
149,3,aromas discreto boca surpreendente,cardiffnlp/twitter-xlm-roberta-base-sentiment,POSITIVO,0.6414566040039062,2025-10-30 00:12:48.223339
150,4,acompanhar bem carne grelhado,cardiffnlp/twitter-xlm-roberta-base-sentiment,NEUTRO,0.4502289891242981,2025-10-30 00:12:48.223339
151,1,nariz fechar melhorar após decantar,cardiffnlp/twitter-xlm-roberta-base-sentiment,POSITIVO,0.43320125341415405,2025-10-30 00:12:48.223339
152,2,carecer frescor pouco vibração,cardiffnlp/twitter-xlm-roberta-base-sentiment,NEUTRO,0.46097874641418457,2025-10-30 00:12:48.223339
153,3,cheiro desagradável a o abertura melhorar pouco,cardiffnlp/twitter-xlm-roberta-base-sentiment,NEGATIVO,0.95743727684021,2025-10-30 00:12:48.223339
154,4,aromas discreto boca surpreendente,cardiffnlp/twitter-xlm-roberta-base-sentiment,POSITIVO,0.6414566040039062,2025-10-30 00:12:48.223339
155,1,preço elevar qualidade apresentar,cardiffnlp/twitter-xlm-roberta-base-sentiment,NEUTRO,0.7892966866493225,2025-10-30 00:12:48.223339
156,2,nota baunilha especiaria bem integrar,cardiffnlp/twitter-xlm-roberta-base-sentiment,POSITIVO,0.39373207092285156,2025-10-30 00:12:48.223339
157,3,aromas discreto boca surpreendente,cardiffnlp/twitter-xlm-roberta-base-sentiment,POSITIVO,0.6414566040039062,2025-10-30 00:12:48.223339
158,4,vinho simples ideal dia a dia,cardiffnlp/twitter-xlm-roberta-base-sentiment,NEUTRO,0.5727893710136414,2025-10-30 00:12:48.223339
159,1,carecer frescor pouco vibração,cardiffnlp/twitter-xlm-roberta-base-sentiment,NEUTRO,0.46097874641418457,2025-10-30 00:12:48.223339
160,2,agradável a o paladar aroma intenso,cardiffnlp/twitter-xlm-roberta-base-sentiment,POSITIVO,0.786159336566925,2025-10-30 00:12:48.223339
161,3,tanino suave final prolongar,cardiffnlp/twitter-xlm-roberta-base-sentiment,POSITIVO,0.5104565620422363,2025-10-30 00:12:48.223339
162,4,voltar comprar hesitar,cardiffnlp/twitter-xlm-roberta-base-sentiment,NEGATIVO,0.5529759526252747,2025-10-30 00:12:48.223339
163,1,excelente vinho recomer vivamente,cardiffnlp/twitter-xlm-roberta-base-sentiment,POSITIVO,0.8853060007095337,2025-10-30 00:12:48.223339
164,2,excelente vinho recomer vivamente,cardiffnlp/twitter-xlm-roberta-base-sentiment,POSITIVO,0.8853060007095337,2025-10-30 00:12:48.223339
165,3,aroma fruto vermelho bem presente,cardiffnlp/twitter-xlm-roberta-base-sentiment,POSITIVO,0.6142468452453613,2025-10-30 00:12:48.223339
166,4,nariz exuberante boca elegante,cardiffnlp/twitter-xlm-roberta-base-sentiment,POSITIVO,0.6391945481300354,2025-10-30 00:12:48.223339
167,1,bom memorável,cardiffnlp/twitter-xlm-roberta-base-sentiment,POSITIVO,0.5905472636222839,2025-10-30 00:12:48.223339
168,2,esperar de este vinho,cardiffnlp/twitter-xlm-roberta-base-sentiment,NEUTRO,0.4253573417663574,2025-10-30 00:12:48.223339
169,3,oxidar garrafar possivelmente mal acondicionar,cardiffnlp/twitter-xlm-roberta-base-sentiment,NEGATIVO,0.7785001993179321,2025-10-30 00:12:48.223339
170,4,excesso madeira gosto,cardiffnlp/twitter-xlm-roberta-base-sentiment,NEGATIVO,0.563690185546875,2025-10-30 00:12:48.223339
171,1,corpo médio final curto,cardiffnlp/twitter-xlm-roberta-base-sentiment,NEUTRO,0.5610125660896301,2025-10-30 00:12:48.223339
172,2,vinho simples ideal dia a dia,cardiffnlp/twitter-xlm-roberta-base-sentiment,NEUTRO,0.5727893710136414,2025-10-30 00:12:48.223339
173,3,cheiro desagradável a o abertura melhorar pouco,cardiffnlp/twitter-xlm-roberta-base-sentiment,NEGATIVO,0.95743727684021,2025-10-30 00:12:48.223339
174,4,voltar comprar hesitar,cardiffnlp/twitter-xlm-roberta-base-sentiment,NEGATIVO,0.5529759526252747,2025-10-30 00:12:48.223339
175,1,nariz exuberante boca elegante,cardiffnlp/twitter-xlm-roberta-base-sentiment,POSITIVO,0.6391945481300354,2025-10-30 00:12:48.223339
176,2,bom relação qualidade preço,cardiffnlp/twitter-xlm-roberta-base-sentiment,POSITIVO,0.6501451730728149,2025-10-30 00:12:48.223339
177,3,álcool presente desequilibrar,cardiffnlp/twitter-xlm-roberta-base-sentiment,NEGATIVO,0.681722104549408,2025-10-30 00:12:48.223339
178,4,aroma fruto vermelho bem presente,cardiffnlp/twitter-xlm-roberta-base-sentiment,POSITIVO,0.6142468452453613,2025-10-30 00:12:48.223339
179,1,esperar de este vinho,cardiffnlp/twitter-xlm-roberta-base-sentiment,NEUTRO,0.4253573417663574,2025-10-30 00:12:48.223339
180,2,esperar de este vinho,cardiffnlp/twitter-xlm-roberta-base-sentiment,NEUTRO,0.4253573417663574,2025-10-30 00:12:48.223339
181,3,aromas discreto boca surpreendente,cardiffnlp/twitter-xlm-roberta-base-sentiment,POSITIVO,0.6414566040039062,2025-10-30 00:12:48.223339
182,4,preço elevar qualidade apresentar,cardiffnlp/twitter-xlm-roberta-base-sentiment,NEUTRO,0.7892966866493225,2025-10-30 00:12:48.223339
183,1,vinho simples ideal dia a dia,cardiffnlp/twitter-xlm-roberta-base-sentiment,NEUTRO,0.5727893710136414,2025-10-30 00:12:48.223339
184,2,bom relação qualidade preço,cardiffnlp/twitter-xlm-roberta-base-sentiment,POSITIVO,0.6501451730728149,2025-10-30 00:12:48.223339
185,3,seco mineral gastronômico,cardiffnlp/twitter-xlm-roberta-base-sentiment,NEGATIVO,0.7814607620239258,2025-10-30 00:12:48.223339
186,4,aromas discreto boca surpreendente,cardiffnlp/twitter-xlm-roberta-base-sentiment,POSITIVO,0.6414566040039062,2025-10-30 00:12:48.223339
187,1,vinho simples ideal dia a dia,cardiffnlp/twitter-xlm-roberta-base-sentiment,NEUTRO,0.5727893710136414,2025-10-30 00:12:48.223339
188,2,esperar de este vinho,cardiffnlp/twitter-xlm-roberta-base-sentiment,NEUTRO,0.4253573417663574,2025-10-30 00:12:48.223339
189,3,nariz exuberante boca elegante,cardiffnlp/twitter-xlm-roberta-base-sentiment,POSITIVO,0.6391945481300354,2025-10-30 00:12:48.223339
190,4,textura sedoso final persistente,cardiffnlp/twitter-xlm-roberta-base-sentiment,NEGATIVO,0.8355922698974609,2025-10-30 00:12:48.223339
191,1,excelente vinho recomer vivamente,cardiffnlp/twitter-xlm-roberta-base-sentiment,POSITIVO,0.8853060007095337,2025-10-30 00:12:48.223339
192,2,surpreender por o positivo bom,cardiffnlp/twitter-xlm-roberta-base-sentiment,POSITIVO,0.7733023762702942,2025-10-30 00:12:48.223339
193,3,textura sedoso final persistente,cardiffnlp/twitter-xlm-roberta-base-sentiment,NEGATIVO,0.8355922698974609,2025-10-30 00:12:48.223339
194,4,surpreender por o positivo bom,cardiffnlp/twitter-xlm-roberta-base-sentiment,POSITIVO,0.7733023762702942,2025-10-30 00:12:48.223339
195,1,acompanhar bem carne grelhado,cardiffnlp/twitter-xlm-roberta-base-sentiment,NEUTRO,0.4502289891242981,2025-10-30 00:12:48.223339
196,2,excesso madeira gosto,cardiffnlp/twitter-xlm-roberta-base-sentiment,NEGATIVO,0.563690185546875,2025-10-30 00:12:48.223339
197,3,aromas discreto boca surpreendente,cardiffnlp/twitter-xlm-roberta-base-sentiment,POSITIVO,0.6414566040039062,2025-10-30 00:12:48.223339
198,4,acidez bem equilibrar fruta,cardiffnlp/twitter-xlm-roberta-base-sentiment,NEUTRO,0.4776826500892639,2025-10-30 00:12:48.223339
199,1,corpo médio final curto,cardiffnlp/twitter-xlm-roberta-base-sentiment,NEUTRO,0.5610125660896301,2025-10-30 00:12:48.223339
200,2,nariz fechar melhorar após decantar,cardiffnlp/twitter-xlm-roberta-base-sentiment,POSITIVO,0.43320125341415405,2025-10-30 00:12:48.223339
201,3,frutar fresco ótimo verão,cardiffnlp/twitter-xlm-roberta-base-sentiment,POSITIVO,0.838151216506958,2025-10-30 00:12:48.223339
202,4,bom relação qualidade preço,cardiffnlp/twitter-xlm-roberta-base-sentiment,POSITIVO,0.6501451730728149,2025-10-30 00:12:48.223339
203,1,oxidar garrafar possivelmente mal acondicionar,cardiffnlp/twitter-xlm-roberta-base-sentiment,NEGATIVO,0.7785001993179321,2025-10-30 00:12:48.223339
204,2,álcool presente desequilibrar,cardiffnlp/twitter-xlm-roberta-base-sentiment,NEGATIVO,0.681722104549408,2025-10-30 00:12:48.223339
205,3,aroma fruto vermelho bem presente,cardiffnlp/twitter-xlm-roberta-base-sentiment,POSITIVO,0.6142468452453613,2025-10-30 00:12:48.223339
206,4,nariz fechar melhorar após decantar,cardiffnlp/twitter-xlm-roberta-base-sentiment,POSITIVO,0.43320125341415405,2025-10-30 00:12:48.223339
207,1,equilibrar versátil a o mesa,cardiffnlp/twitter-xlm-roberta-base-sentiment,NEUTRO,0.6186188459396362,2025-10-30 00:12:48.223339
208,2,bom relação qualidade preço,cardiffnlp/twitter-xlm-roberta-base-sentiment,POSITIVO,0.6501451730728149,2025-10-30 00:12:48.223339
209,3,nariz exuberante boca elegante,cardiffnlp/twitter-xlm-roberta-base-sentiment,POSITIVO,0.6391945481300354,2025-10-30 00:12:48.223339
210,4,nariz fechar melhorar após decantar,cardiffnlp/twitter-xlm-roberta-base-sentiment,POSITIVO,0.43320125341415405,2025-10-30 00:12:48.223339
211,1,nariz exuberante boca elegante,cardiffnlp/twitter-xlm-roberta-base-sentiment,POSITIVO,0.6391945481300354,2025-10-30 00:12:48.223339
212,2,voltar comprar hesitar,cardiffnlp/twitter-xlm-roberta-base-sentiment,NEGATIVO,0.5529759526252747,2025-10-30 00:12:48.223339
213,3,surpreender por o positivo bom,cardiffnlp/twitter-xlm-roberta-base-sentiment,POSITIVO,0.7733023762702942,2025-10-30 00:12:48.223339
214,4,vinho simples ideal dia a dia,cardiffnlp/twitter-xlm-roberta-base-sentiment,NEUTRO,0.5727893710136414,2025-10-30 00:12:48.223339
215,1,nariz fechar melhorar após decantar,cardiffnlp/twitter-xlm-roberta-base-sentiment,POSITIVO,0.43320125341415405,2025-10-30 00:12:48.223339
216,2,tanino suave final prolongar,cardiffnlp/twitter-xlm-roberta-base-sentiment,POSITIVO,0.5104565620422363,2025-10-30 00:12:48.223339
217,3,equilibrar versátil a o mesa,cardiffnlp/twitter-xlm-roberta-base-sentiment,NEUTRO,0.6186188459396362,2025-10-30 00:12:48.223339
218,4,carecer frescor pouco vibração,cardiffnlp/twitter-xlm-roberta-base-sentiment,NEUTRO,0.46097874641418457,2025-10-30 00:12:48.223339
219,1,excesso madeira gosto,cardiffnlp/twitter-xlm-roberta-base-sentiment,NEGATIVO,0.563690185546875,2025-10-30 00:12:48.223339
220,2,acidez bem equilibrar fruta,cardiffnlp/twitter-xlm-roberta-base-sentiment,NEUTRO,0.4776826500892639,2025-10-30 00:12:48.223339
221,3,surpreender por o positivo bom,cardiffnlp/twitter-xlm-roberta-base-sentiment,POSITIVO,0.7733023762702942,2025-10-30 00:12:48.223339
222,4,bom memorável,cardiffnlp/twitter-xlm-roberta-base-sentiment,POSITIVO,0.5905472636222839,2025-10-30 00:12:48.223339
223,1,excesso madeira gosto,cardiffnlp/twitter-xlm-roberta-base-sentiment,NEGATIVO,0.563690185546875,2025-10-30 00:12:48.223339
224,2,frutar fresco ótimo verão,cardiffnlp/twitter-xlm-roberta-base-sentiment,POSITIVO,0.838151216506958,2025-10-30 00:12:48.223339
225,3,acidez bem equilibrar fruta,cardiffnlp/twitter-xlm-roberta-base-sentiment,NEUTRO,0.4776826500892639,2025-10-30 00:12:48.223339
226,4,agradável a o paladar aroma intenso,cardiffnlp/twitter-xlm-roberta-base-sentiment,POSITIVO,0.786159336566925,2025-10-30 00:12:48.223339
227,1,final amargo pouco harmonioso,cardiffnlp/twitter-xlm-roberta-base-sentiment,NEGATIVO,0.9527518153190613,2025-10-30 00:12:48.223339
228,2,vinho simples ideal dia a dia,cardiffnlp/twitter-xlm-roberta-base-sentiment,NEUTRO,0.5727893710136414,2025-10-30 00:12:48.223339
229,3,demasiado ácido gosto,cardiffnlp/twitter-xlm-roberta-base-sentiment,NEGATIVO,0.8523842096328735,2025-10-30 00:12:48.223339
230,4,excesso madeira gosto,cardiffnlp/twitter-xlm-roberta-base-sentiment,NEGATIVO,0.563690185546875,2025-10-30 00:12:48.223339
231,1,corpo médio final curto,cardiffnlp/twitter-xlm-roberta-base-sentiment,NEUTRO,0.5610125660896301,2025-10-30 00:12:48.223339
232,2,frutar fresco ótimo verão,cardiffnlp/twitter-xlm-roberta-base-sentiment,POSITIVO,0.838151216506958,2025-10-30 00:12:48.223339
233,3,preço elevar qualidade apresentar,cardiffnlp/twitter-xlm-roberta-base-sentiment,NEUTRO,0.7892966866493225,2025-10-30 00:12:48.223339
234,4,seco mineral gastronômico,cardiffnlp/twitter-xlm-roberta-base-sentiment,NEGATIVO,0.7814607620239258,2025-10-30 00:12:48.223339
235,1,seco mineral gastronômico,cardiffnlp/twitter-xlm-roberta-base-sentiment,NEGATIVO,0.7814607620239258,2025-10-30 00:12:48.223339
236,2,nariz exuberante boca elegante,cardiffnlp/twitter-xlm-roberta-base-sentiment,POSITIVO,0.6391945481300354,2025-10-30 00:12:48.223339
237,3,textura sedoso final persistente,cardiffnlp/twitter-xlm-roberta-base-sentiment,NEGATIVO,0.8355922698974609,2025-10-30 00:12:48.223339
238,4,excesso madeira gosto,cardiffnlp/twitter-xlm-roberta-base-sentiment,NEGATIVO,0.563690185546875,2025-10-30 00:12:48.223339
239,1,cheiro desagradável a o abertura melhorar pouco,cardiffnlp/twitter-xlm-roberta-base-sentiment,NEGATIVO,0.95743727684021,2025-10-30 00:12:48.223339
240,2,aroma fruto vermelho bem presente,cardiffnlp/twitter-xlm-roberta-base-sentiment,POSITIVO,0.6142468452453613,2025-10-30 00:12:48.223339
241,3,nota baunilha especiaria bem integrar,cardiffnlp/twitter-xlm-roberta-base-sentiment,POSITIVO,0.39373207092285156,2025-10-30 00:12:48.223339
242,4,acompanhar bem carne grelhado,cardiffnlp/twitter-xlm-roberta-base-sentiment,NEUTRO,0.4502289891242981,2025-10-30 00:12:48.223339
243,1,carecer frescor pouco vibração,cardiffnlp/twitter-xlm-roberta-base-sentiment,NEUTRO,0.46097874641418457,2025-10-30 00:12:53.278470
244,2,surpreender por o positivo bom,cardiffnlp/twitter-xlm-roberta-base-sentiment,POSITIVO,0.7733023762702942,2025-10-30 00:12:53.278470
245,3,oxidar garrafar possivelmente mal acondicionar,cardiffnlp/twitter-xlm-roberta-base-sentiment,NEGATIVO,0.7785001993179321,2025-10-30 00:12:53.278470
246,4,final amargo pouco harmonioso,cardiffnlp/twitter-xlm-roberta-base-sentiment,NEGATIVO,0.9527518153190613,2025-10-30 00:12:53.278470
247,1,frutar fresco ótimo verão,cardiffnlp/twitter-xlm-roberta-base-sentiment,POSITIVO,0.838151216506958,2025-10-30 00:12:53.278470
248,2,demasiado ácido gosto,cardiffnlp/twitter-xlm-roberta-base-sentiment,NEGATIVO,0.8523842096328735,2025-10-30 00:12:53.278470
249,3,nariz fechar melhorar após decantar,cardiffnlp/twitter-xlm-roberta-base-sentiment,POSITIVO,0.43320125341415405,2025-10-30 00:12:53.278470
250,4,personalidade comum,cardiffnlp/twitter-xlm-roberta-base-sentiment,NEUTRO,0.4448133111000061,2025-10-30 00:12:53.278470
251,1,corpo médio final curto,cardiffnlp/twitter-xlm-roberta-base-sentiment,NEUTRO,0.5610125660896301,2025-10-30 00:12:53.278470
252,2,acompanhar bem carne grelhado,cardiffnlp/twitter-xlm-roberta-base-sentiment,NEUTRO,0.4502289891242981,2025-10-30 00:12:53.278470
253,3,oxidar garrafar possivelmente mal acondicionar,cardiffnlp/twitter-xlm-roberta-base-sentiment,NEGATIVO,0.7785001993179321,2025-10-30 00:12:53.278470
254,4,agradável a o paladar aroma intenso,cardiffnlp/twitter-xlm-roberta-base-sentiment,POSITIVO,0.786159336566925,2025-10-30 00:12:53.278470
255,1,excelente vinho recomer vivamente,cardiffnlp/twitter-xlm-roberta-base-sentiment,POSITIVO,0.8853060007095337,2025-10-30 00:12:53.278470
256,2,nota baunilha especiaria bem integrar,cardiffnlp/twitter-xlm-roberta-base-sentiment,POSITIVO,0.39373207092285156,2025-10-30 00:12:53.278470
257,3,bom relação qualidade preço,cardiffnlp/twitter-xlm-roberta-base-sentiment,POSITIVO,0.6501451730728149,2025-10-30 00:12:53.278470
258,4,oxidar garrafar possivelmente mal acondicionar,cardiffnlp/twitter-xlm-roberta-base-sentiment,NEGATIVO,0.7785001993179321,2025-10-30 00:12:53.278470
259,1,textura sedoso final persistente,cardiffnlp/twitter-xlm-roberta-base-sentiment,NEGATIVO,0.8355922698974609,2025-10-30 00:12:53.278470
260,2,oxidar garrafar possivelmente mal acondicionar,cardiffnlp/twitter-xlm-roberta-base-sentiment,NEGATIVO,0.7785001993179321,2025-10-30 00:12:53.278470
261,3,seco mineral gastronômico,cardiffnlp/twitter-xlm-roberta-base-sentiment,NEGATIVO,0.7814607620239258,2025-10-30 00:12:53.278470
262,4,equilibrar versátil a o mesa,cardiffnlp/twitter-xlm-roberta-base-sentiment,NEUTRO,0.6186188459396362,2025-10-30 00:12:53.278470
263,1,aroma fruto vermelho bem presente,cardiffnlp/twitter-xlm-roberta-base-sentiment,POSITIVO,0.6142468452453613,2025-10-30 00:12:53.278470
264,2,álcool presente desequilibrar,cardiffnlp/twitter-xlm-roberta-base-sentiment,NEGATIVO,0.681722104549408,2025-10-30 00:12:53.278470
265,3,aromas discreto boca surpreendente,cardiffnlp/twitter-xlm-roberta-base-sentiment,POSITIVO,0.6414566040039062,2025-10-30 00:12:53.278470
266,4,acompanhar bem carne grelhado,cardiffnlp/twitter-xlm-roberta-base-sentiment,NEUTRO,0.4502289891242981,2025-10-30 00:12:53.278470
267,1,carecer frescor pouco vibração,cardiffnlp/twitter-xlm-roberta-base-sentiment,NEUTRO,0.46097874641418457,2025-10-30 00:12:53.278470
268,2,equilibrar versátil a o mesa,cardiffnlp/twitter-xlm-roberta-base-sentiment,NEUTRO,0.6186188459396362,2025-10-30 00:12:53.278470
269,3,excesso madeira gosto,cardiffnlp/twitter-xlm-roberta-base-sentiment,NEGATIVO,0.563690185546875,2025-10-30 00:12:53.278470
270,4,nariz exuberante boca elegante,cardiffnlp/twitter-xlm-roberta-base-sentiment,POSITIVO,0.6391945481300354,2025-10-30 00:12:53.278470
271,1,final amargo pouco harmonioso,cardiffnlp/twitter-xlm-roberta-base-sentiment,NEGATIVO,0.9527518153190613,2025-10-30 00:12:53.278470
272,2,corpo médio final curto,cardiffnlp/twitter-xlm-roberta-base-sentiment,NEUTRO,0.5610125660896301,2025-10-30 00:12:53.278470
273,3,frutar fresco ótimo verão,cardiffnlp/twitter-xlm-roberta-base-sentiment,POSITIVO,0.838151216506958,2025-10-30 00:12:53.278470
274,4,preço elevar qualidade apresentar,cardiffnlp/twitter-xlm-roberta-base-sentiment,NEUTRO,0.7892966866493225,2025-10-30 00:12:53.278470
275,1,esperar de este vinho,cardiffnlp/twitter-xlm-roberta-base-sentiment,NEUTRO,0.4253573417663574,2025-10-30 00:12:53.278470
276,2,preço elevar qualidade apresentar,cardiffnlp/twitter-xlm-roberta-base-sentiment,NEUTRO,0.7892966866493225,2025-10-30 00:12:53.278470
277,3,bom memorável,cardiffnlp/twitter-xlm-roberta-base-sentiment,POSITIVO,0.5905472636222839,2025-10-30 00:12:53.278470
278,4,vinho simples ideal dia a dia,cardiffnlp/twitter-xlm-roberta-base-sentiment,NEUTRO,0.5727893710136414,2025-10-30 00:12:53.278470
279,1,álcool presente desequilibrar,cardiffnlp/twitter-xlm-roberta-base-sentiment,NEGATIVO,0.681722104549408,2025-10-30 00:12:53.278470
280,2,corpo médio final curto,cardiffnlp/twitter-xlm-roberta-base-sentiment,NEUTRO,0.5610125660896301,2025-10-30 00:12:53.278470
281,3,carecer frescor pouco vibração,cardiffnlp/twitter-xlm-roberta-base-sentiment,NEUTRO,0.46097874641418457,2025-10-30 00:12:53.278470
282,4,vinho simples ideal dia a dia,cardiffnlp/twitter-xlm-roberta-base-sentiment,NEUTRO,0.5727893710136414,2025-10-30 00:12:53.278470
283,1,aroma fruto vermelho bem presente,cardiffnlp/twitter-xlm-roberta-base-sentiment,POSITIVO,0.6142468452453613,2025-10-30 00:12:53.278470
284,2,demasiado ácido gosto,cardiffnlp/twitter-xlm-roberta-base-sentiment,NEGATIVO,0.8523842096328735,2025-10-30 00:12:53.278470
285,3,frutar fresco ótimo verão,cardiffnlp/twitter-xlm-roberta-base-sentiment,POSITIVO,0.838151216506958,2025-10-30 00:12:53.278470
286,4,final amargo pouco harmonioso,cardiffnlp/twitter-xlm-roberta-base-sentiment,NEGATIVO,0.9527518153190613,2025-10-30 00:12:53.278470
287,1,bom relação qualidade preço,cardiffnlp/twitter-xlm-roberta-base-sentiment,POSITIVO,0.6501451730728149,2025-10-30 00:12:53.278470
288,2,acompanhar bem carne grelhado,cardiffnlp/twitter-xlm-roberta-base-sentiment,NEUTRO,0.4502289891242981,2025-10-30 00:12:53.278470
289,3,esperar de este vinho,cardiffnlp/twitter-xlm-roberta-base-sentiment,NEUTRO,0.4253573417663574,2025-10-30 00:12:53.278470
290,4,excesso madeira gosto,cardiffnlp/twitter-xlm-roberta-base-sentiment,NEGATIVO,0.563690185546875,2025-10-30 00:12:53.278470
291,1,álcool presente desequilibrar,cardiffnlp/twitter-xlm-roberta-base-sentiment,NEGATIVO,0.681722104549408,2025-10-30 00:12:53.278470
292,2,excelente vinho recomer vivamente,cardiffnlp/twitter-xlm-roberta-base-sentiment,POSITIVO,0.8853060007095337,2025-10-30 00:12:53.278470
