id,utilizador_id,produto_id,loja_id,datahora,texto,extracted_on,processed
1,1,35,1,2024-09-24 15:04:24,Textura sedosa e final longo.,2024-10-03 18:58:21,False
2,3,44,1,2023-09-06 00:38:44,"A safra está excelente, recomendo guardar mais alguns anos.",2023-09-11 11:14:05,False
3,1,56,1,2025-07-17 08:07:22,Muito tânico para o meu gosto.,2025-07-30 10:07:42,False
4,1,12,1,2023-07-16 02:55:47,Excelente relação qualidade/preço.,2023-08-11 03:14:45,False
5,3,61,1,2024-04-18 22:50:43,Ótimo com queijos curados.,2024-04-30 15:42:13,False
6,3,2,2,2025-09-30 18:23:18,"Vinho leve e fresco, ideal para verão.",2025-10-18 08:06:52,False
7,4,67,2,2024-08-04 19:10:42,Surpreendeu-me pela elegância.,2024-08-21 21:05:30,False
8,1,63,2,2023-09-22 06:47:24,Surpreendeu-me pela elegância.,2023-10-03 17:22:49,False
9,4,50,2,2023-01-26 08:01:02,"Gosto muito deste vinho, notas frutadas e bom corpo.",2023-02-03 02:06:55,False
10,3,30,2,2025-04-06 10:18:14,Loja muito bem organizada.,2025-04-24 10:11:12,False
11,4,98,1,2025-04-25 08:07:55,Pouco complexo para o preço pedido.,2025-05-11 13:17:29,False
12,4,6,1,2023-07-29 07:00:32,"Vinho leve e fresco, ideal para verão.",2023-08-13 13:01:48,False
13,3,56,2,2023-01-01 13:14:52,Muito tânico para o meu gosto.,2023-01-06 08:19:24,False
14,1,56,1,2025-04-12 08:06:35,"Gosto muito deste vinho, notas frutadas e bom corpo.",2025-04-25 10:41:19,False
15,3,34,2,2023-02-21 07:29:26,"Vinho leve e fresco, ideal para verão.",2023-03-19 00:50:52,False
16,2,54,1,2023-08-12 16:07:09,"Entrega rápida, muito satisfeito com o serviço.",2023-08-25 13:22:56,False
17,4,69,2,2023-08-16 00:27:55,"Adoro vinhos da Toscana, este cumpre bem.",2023-09-15 21:17:53,False
18,4,48,1,2025-04-10 23:17:00,Ótimo com queijos curados.,2025-04-22 15:24:40,False
19,4,56,1,2023-07-31 07:02:10,Surpreendeu-me pela elegância.,2023-08-16 04:03:32,False
20,4,39,2,2023-02-13 21:32:09,"Prefiro vinhos do Douro, este é perto do meu estilo.",2023-02-20 13:53:04,False
21,2,44,1,2025-04-27 08:08:18,Muito tânico para o meu gosto.,2025-05-21 19:23:15,False
22,3,65,1,2023-11-12 18:31:52,Recomendo pela rapidez da entrega.,2023-12-12 04:48:17,False
23,1,26,1,2023-01-27 15:46:55,Funcionários pouco prestáveis.,2023-02-04 00:23:09,False
24,1,44,1,2025-04-09 19:48:04,"Gosto muito deste vinho, notas frutadas e bom corpo.",2025-04-15 11:19:50,False
25,3,92,2,2024-06-12 23:34:14,Ótimo com queijos curados.,2024-06-26 07:27:46,False
26,1,77,2,2024-06-17 10:40:37,Processo de compra online confuso.,2024-07-11 04:48:21,False
27,3,86,2,2024-05-05 02:56:22,Pouco complexo para o preço pedido.,2024-05-17 09:45:50,False
28,2,24,2,2023-04-08 00:00:48,Sabor a frutos vermelhos e especiarias.,2023-05-05 13:25:20,False
29,2,72,2,2024-07-26 11:19:00,"Adoro vinhos da Toscana, este cumpre bem.",2024-07-29 20:26:58,False
30,3,8,2,2023-03-22 03:56:00,Pouco complexo para o preço pedido.,2023-04-10 16:15:06,False
31,3,32,2,2024-02-18 02:00:15,Surpreendeu-me pela elegância.,2024-03-16 16:36:51,False
32,4,65,2,2024-06-07 18:55:07,Excelente relação qualidade/preço.,2024-06-10 00:02:08,False
33,2,62,1,2024-12-31 14:21:05,Perfeito para acompanhar carnes vermelhas.,2025-01-18 18:42:00,False
34,1,60,2,2025-06-20 03:52:31,Surpreendeu-me pela elegância.,2025-07-19 04:13:17,False
35,1,33,2,2023-09-19 00:15:12,Excelente relação qualidade/preço.,2023-10-03 11:42:14,False
36,2,26,1,2024-02-23 13:48:58,"Adoro vinhos da Toscana, este cumpre bem.",2024-03-11 19:37:45,False
37,2,39,2,2024-12-27 01:37:11,Ótimo com queijos curados.,2025-01-04 11:10:16,False
38,3,25,1,2025-09-14 04:42:35,"Gosto muito deste vinho, notas frutadas e bom corpo.",2025-09-27 18:34:25,False
39,4,98,2,2025-03-14 14:01:27,Perfeito para acompanhar carnes vermelhas.,2025-03-26 18:32:35,False
40,2,5,1,2023-11-20 09:19:09,Funcionários pouco prestáveis.,2023-11-23 22:18:10,False
41,1,6,1,2024-11-07 18:43:30,"Aroma complexo, com notas de baunilha e frutos negros.",2024-12-01 04:42:41,False
42,3,28,1,2024-07-15 14:55:12,"Prefiro vinhos do Douro, este é perto do meu estilo.",2024-08-10 19:24:26,False
43,4,51,1,2024-08-28 23:29:27,Excelente relação qualidade/preço.,2024-09-01 15:24:29,False
44,1,17,1,2024-12-15 17:56:05,Recomendo pela rapidez da entrega.,2025-01-15 05:31:44,False
45,3,37,2,2023-11-28 11:08:19,Pouco complexo para o preço pedido.,2023-12-11 12:14:51,False
46,1,76,2,2023-05-09 13:54:24,"A safra está excelente, recomendo guardar mais alguns anos.",2023-06-04 11:07:48,False
47,4,18,1,2023-09-10 12:53:58,"Entrega atrasada, não recomendo.",2023-10-06 15:15:00,False
48,4,56,1,2025-10-24 07:15:39,Surpreendeu-me pela elegância.,2025-11-06 08:18:48,False
49,1,18,1,2024-07-11 13:59:20,Textura sedosa e final longo.,2024-07-26 20:51:35,False
50,3,86,1,2023-05-19 21:11:16,"Não gostei, achei muito alcoólico.",2023-06-10 21:29:36,False
51,2,8,1,2025-05-04 15:41:36,"A safra está excelente, recomendo guardar mais alguns anos.",2025-05-07 19:40:51,False
52,1,78,2,2024-10-15 19:14:47,Textura sedosa e final longo.,2024-11-03 06:38:27,False
53,1,78,2,2024-06-27 11:33:03,"Prefiro vinhos do Douro, este é perto do meu estilo.",2024-07-09 10:26:03,False
54,1,83,2,2023-05-05 02:19:33,"Adoro vinhos da Toscana, este cumpre bem.",2023-05-19 01:31:12,False
55,1,94,1,2024-09-11 22:28:30,"Não gostei, achei muito alcoólico.",2024-10-03 19:32:42,False
56,4,100,2,2024-03-16 02:10:25,"Aroma complexo, com notas de baunilha e frutos negros.",2024-04-06 19:44:35,False
57,1,98,1,2023-10-27 07:27:37,Ótimo com queijos curados.,2023-11-08 12:33:45,False
58,1,35,1,2023-04-25 07:42:48,"Aroma complexo, com notas de baunilha e frutos negros.",2023-05-07 09:41:04,False
59,4,12,2,2025-03-17 21:21:46,Muito tânico para o meu gosto.,2025-04-13 15:16:53,False
60,3,37,2,2024-11-13 18:02:17,Muito tânico para o meu gosto.,2024-11-21 18:08:10,False
61,4,50,2,2025-11-13 03:49:37,Perfeito para acompanhar carnes vermelhas.,2025-11-19 08:13:37,False
62,1,54,1,2023-05-11 06:21:34,Sabor a frutos vermelhos e especiarias.,2023-05-17 23:39:00,False
63,4,40,1,2023-02-07 00:20:55,"Vinho leve e fresco, ideal para verão.",2023-02-11 18:46:12,False
64,2,40,2,2025-07-17 02:25:01,"Aroma complexo, com notas de baunilha e frutos negros.",2025-08-04 23:46:02,False
65,3,26,2,2023-11-26 06:42:47,Pouco complexo para o preço pedido.,2023-12-12 08:09:51,False
66,2,22,1,2025-05-04 05:00:00,Textura sedosa e final longo.,2025-05-12 07:28:37,False
67,4,92,2,2023-04-26 21:30:25,Recomendo pela rapidez da entrega.,2023-05-24 03:35:53,False
68,3,90,1,2023-11-20 11:28:55,Muito tânico para o meu gosto.,2023-12-12 12:38:49,False
69,1,53,2,2025-08-13 18:44:07,Textura sedosa e final longo.,2025-08-27 05:26:18,False
70,4,85,1,2023-05-16 15:10:38,"A safra está excelente, recomendo guardar mais alguns anos.",2023-05-18 21:20:20,False
71,3,47,2,2024-02-13 20:34:28,"Adoro vinhos da Toscana, este cumpre bem.",2024-02-24 10:28:39,False
72,1,1,1,2025-03-18 09:28:44,Sabor a frutos vermelhos e especiarias.,2025-04-13 05:11:22,False
73,2,81,2,2023-02-15 18:00:30,"Vinho leve e fresco, ideal para verão.",2023-02-28 03:52:18,False
74,3,69,2,2023-11-05 15:23:55,Excelente relação qualidade/preço.,2023-11-11 16:46:58,False
75,3,97,2,2025-10-27 09:32:39,Serviço pós-venda eficiente.,2025-11-02 13:15:18,False
76,4,18,1,2025-01-28 06:06:04,Pouco complexo para o preço pedido.,2025-02-27 22:54:18,False
77,4,43,2,2025-07-28 09:38:45,"Vinho leve e fresco, ideal para verão.",2025-08-18 23:29:42,False
78,3,44,2,2023-10-02 02:44:12,Surpreendeu-me pela elegância.,2023-10-10 06:30:57,False
79,2,48,1,2023-08-06 22:52:50,Surpreendeu-me pela elegância.,2023-08-12 19:03:33,False
80,2,99,1,2025-03-01 03:08:52,"Gosto muito deste vinho, notas frutadas e bom corpo.",2025-03-22 08:58:23,False
81,4,20,2,2024-06-27 23:44:01,Textura sedosa e final longo.,2024-07-20 16:24:29,False
82,4,51,2,2023-03-15 10:45:27,"Não gostei, achei muito alcoólico.",2023-04-06 00:40:53,False
83,4,60,1,2023-06-23 10:41:57,Perfeito para acompanhar carnes vermelhas.,2023-06-26 09:04:20,False
84,4,94,2,2025-10-30 22:22:31,Perfeito para acompanhar carnes vermelhas.,2025-11-07 23:33:39,False
85,4,55,1,2024-06-24 21:25:32,"Aroma complexo, com notas de baunilha e frutos negros.",2024-07-16 01:43:31,False
86,1,45,1,2023-03-14 20:51:43,Processo de compra online confuso.,2023-03-19 14:00:16,False
87,4,52,2,2023-04-10 14:21:48,Surpreendeu-me pela elegância.,2023-05-06 20:33:10,False
88,4,95,2,2023-07-01 16:45:23,Muito tânico para o meu gosto.,2023-07-14 19:07:55,False
89,2,33,1,2023-07-08 01:04:44,Textura sedosa e final longo.,2023-07-20 06:16:49,False
90,4,94,2,2024-11-25 23:26:08,Loja muito bem organizada.,2024-12-19 00:52:11,False
91,4,49,2,2024-07-25 07:50:58,"Gosto muito deste vinho, notas frutadas e bom corpo.",2024-08-06 10:12:36,False
92,4,51,2,2023-02-21 05:12:05,"Aroma complexo, com notas de baunilha e frutos negros.",2023-03-20 12:03:23,False
93,2,41,2,2024-07-14 07:49:15,Processo de compra online confuso.,2024-07-23 01:38:10,False
94,2,27,2,2024-01-09 22:47:57,Sabor a frutos vermelhos e especiarias.,2024-02-02 14:23:11,False
95,2,26,2,2025-01-19 05:45:50,Pouco complexo para o preço pedido.,2025-02-14 16:16:30,False
96,3,56,2,2023-05-04 05:26:30,Sabor a frutos vermelhos e especiarias.,2023-05-25 18:21:59,False
97,3,49,1,2023-12-29 04:24:08,"Prefiro vinhos do Douro, este é perto do meu estilo.",2024-01-23 05:34:52,False
98,4,87,2,2025-08-01 13:25:35,Sabor a frutos vermelhos e especiarias.,2025-08-09 22:37:33,False
99,4,95,1,2025-06-25 00:50:52,"Vinho leve e fresco, ideal para verão.",2025-07-08 17:55:15,False
100,2,22,2,2025-07-02 06:45:00,"A safra está excelente, recomendo guardar mais alguns anos.",2025-07-07 11:36:19,False
101,4,35,1,2025-08-10 15:51:07,"Gosto muito deste vinho, notas frutadas e bom corpo.",2025-09-06 22:09:19,False
102,3,99,1,2025-08-07 07:55:58,Ótimo com queijos curados.,2025-08-22 08:07:08,False
103,2,42,1,2023-06-06 05:19:39,Processo de compra online confuso.,2023-06-14 06:41:52,False
104,4,23,1,2025-05-14 02:56:20,Muito tânico para o meu gosto.,2025-05-31 04:35:02,False
105,4,20,1,2025-11-09 18:19:34,"Não gostei, achei muito alcoólico.",2025-11-19 23:48:22,False
106,4,3,2,2024-04-27 23:41:10,Ótimo com queijos curados.,2024-05-12 13:27:48,False
107,2,25,1,2024-04-10 01:04:15,"Vinho leve e fresco, ideal para verão.",2024-05-04 22:54:43,False
108,2,21,1,2023-12-28 00:14:35,"A safra está excelente, recomendo guardar mais alguns anos.",2024-01-13 23:21:41,False
109,1,64,2,2023-12-26 07:34:28,Textura sedosa e final longo.,2024-01-14 04:25:42,False
110,1,35,2,2025-05-22 12:17:55,Perfeito para acompanhar carnes vermelhas.,2025-06-01 20:33:04,False
111,1,85,1,2024-09-28 23:59:04,"Não gostei, achei muito alcoólico.",2024-10-16 09:30:08,False
112,1,56,2,2023-05-29 21:23:13,"Não gostei, achei muito alcoólico.",2023-06-24 12:03:14,False
113,2,57,2,2024-04-14 18:24:54,"Não gostei, achei muito alcoólico.",2024-04-19 16:56:24,False
114,1,30,2,2024-01-31 08:17:07,"Vinho leve e fresco, ideal para verão.",2024-02-10 02:50:12,False
115,3,48,2,2024-11-26 01:33:03,"Vinho leve e fresco, ideal para verão.",2024-12-09 05:44:18,False
116,3,27,2,2023-08-12 03:19:17,Textura sedosa e final longo.,2023-09-09 00:54:32,False
117,3,49,1,2024-02-06 08:54:08,Textura sedosa e final longo.,2024-02-25 20:48:04,False
118,4,88,1,2023-12-25 18:44:42,Ótimo com queijos curados.,2024-01-11 02:28:20,False
119,3,57,2,2023-01-06 19:28:39,"Gosto muito deste vinho, notas frutadas e bom corpo.",2023-01-28 09:50:08,False
120,2,3,2,2023-07-27 00:53:46,Pouco complexo para o preço pedido.,2023-08-22 09:05:17,False
121,2,31,1,2023-09-26 20:49:22,"Gosto muito deste vinho, notas frutadas e bom corpo.",2023-10-18 05:39:47,False
122,4,73,2,2024-02-08 08:18:17,Muito tânico para o meu gosto.,2024-03-06 07:00:37,False
123,2,95,2,2025-10-05 11:03:27,Textura sedosa e final longo.,2025-10-15 14:01:50,False
124,3,99,2,2025-04-24 05:40:40,Não gostei do serviço ao cliente.,2025-05-18 21:19:42,False
125,4,99,2,2023-12-22 20:17:33,Ótimo com queijos curados.,2023-12-27 12:48:35,False
126,3,17,1,2023-12-12 01:01:32,"Prefiro vinhos do Douro, este é perto do meu estilo.",2023-12-13 23:05:36,False
127,4,69,2,2024-03-28 03:31:51,"Vinho leve e fresco, ideal para verão.",2024-04-18 09:52:42,False
128,2,67,1,2023-10-26 23:46:17,"Vinho leve e fresco, ideal para verão.",2023-10-29 21:29:50,False
129,3,36,2,2024-03-21 17:45:58,Perfeito para acompanhar carnes vermelhas.,2024-03-27 11:38:23,False
130,2,10,2,2025-09-11 16:24:30,"Gosto muito deste vinho, notas frutadas e bom corpo.",2025-09-20 03:31:09,False
131,1,48,1,2025-10-03 19:56:25,"Vinho leve e fresco, ideal para verão.",2025-10-24 08:43:14,False
132,1,22,1,2024-04-15 21:53:48,"Aroma complexo, com notas de baunilha e frutos negros.",2024-05-07 11:09:16,False
133,2,76,2,2024-03-13 14:15:02,"Aroma complexo, com notas de baunilha e frutos negros.",2024-04-13 05:52:46,False
134,4,48,2,2023-09-03 18:19:39,"A safra está excelente, recomendo guardar mais alguns anos.",2023-09-19 09:52:43,False
135,4,95,1,2025-11-01 12:35:40,Perfeito para acompanhar carnes vermelhas.,2025-11-14 01:19:11,False
136,3,4,1,2025-10-07 15:22:19,Perfeito para acompanhar carnes vermelhas.,2025-10-15 21:17:58,False
137,4,18,2,2024-08-11 00:29:04,Serviço pós-venda eficiente.,2024-09-04 07:27:04,False
138,2,86,1,2024-01-19 12:01:06,Textura sedosa e final longo.,2024-01-22 03:22:27,False
139,4,72,1,2025-04-15 01:53:25,Surpreendeu-me pela elegância.,2025-04-25 22:42:49,False
140,2,74,2,2023-09-29 11:02:34,Ótimo com queijos curados.,2023-10-10 18:25:08,False
141,1,24,2,2025-09-19 22:37:16,Excelente relação qualidade/preço.,2025-10-01 13:28:01,False
142,1,80,1,2024-09-15 14:01:46,"Vinho leve e fresco, ideal para verão.",2024-09-18 19:46:52,False
143,2,33,1,2023-10-22 17:37:15,Recomendo pela rapidez da entrega.,2023-11-17 01:05:16,False
144,2,62,2,2025-05-08 12:35:13,Surpreendeu-me pela elegância.,2025-05-14 10:46:00,False
145,4,75,1,2023-06-28 14:11:53,"Não gostei, achei muito alcoólico.",2023-07-12 17:40:57,False
146,1,19,2,2025-06-26 20:20:40,Perfeito para acompanhar carnes vermelhas.,2025-07-15 04:13:15,False
147,2,22,1,2024-02-17 20:21:36,"Gosto muito deste vinho, notas frutadas e bom corpo.",2024-03-14 15:40:42,False
148,3,48,2,2023-06-29 10:23:41,Atendimento na loja excelente.,2023-07-08 03:22:00,False
149,3,11,2,2024-01-16 22:56:11,Perfeito para acompanhar carnes vermelhas.,2024-01-29 09:54:40,False
150,4,63,1,2023-04-25 17:03:08,Excelente relação qualidade/preço.,2023-05-21 18:56:14,False
151,4,26,1,2025-05-03 11:32:30,"A safra está excelente, recomendo guardar mais alguns anos.",2025-05-28 08:45:52,False
152,2,90,1,2025-08-25 20:49:09,"Aroma complexo, com notas de baunilha e frutos negros.",2025-09-23 15:30:53,False
153,1,58,1,2023-05-20 17:51:05,Surpreendeu-me pela elegância.,2023-05-30 09:55:21,False
154,4,44,1,2023-07-16 05:44:37,Ótimo com queijos curados.,2023-08-01 02:53:27,False
155,3,69,2,2025-02-12 15:33:59,"Aroma complexo, com notas de baunilha e frutos negros.",2025-03-06 12:29:58,False
156,2,26,1,2025-10-03 14:54:05,"Adoro vinhos da Toscana, este cumpre bem.",2025-10-19 00:58:10,False
157,2,58,2,2023-12-31 11:50:29,Sabor a frutos vermelhos e especiarias.,2024-01-24 00:09:49,False
158,3,86,1,2025-03-30 18:04:21,Sabor a frutos vermelhos e especiarias.,2025-04-04 08:47:29,False
159,4,18,2,2023-07-08 14:04:25,Muito tânico para o meu gosto.,2023-08-05 22:13:16,False
160,3,44,1,2024-05-05 16:40:44,Serviço pós-venda eficiente.,2024-06-05 14:08:02,False
161,1,68,2,2024-07-30 06:07:31,Perfeito para acompanhar carnes vermelhas.,2024-08-14 02:09:47,False
162,3,60,1,2024-12-10 22:23:39,"Prefiro vinhos do Douro, este é perto do meu estilo.",2024-12-14 04:37:34,False
163,3,17,2,2023-10-14 14:27:57,Textura sedosa e final longo.,2023-10-24 16:53:19,False
164,4,97,1,2023-01-13 02:20:27,Perfeito para acompanhar carnes vermelhas.,2023-01-23 18:59:27,False
165,4,56,1,2024-04-05 02:31:20,"Entrega atrasada, não recomendo.",2024-04-15 12:21:09,False
166,4,29,1,2023-03-03 21:50:08,Textura sedosa e final longo.,2023-03-16 07:43:17,False
167,1,25,2,2023-09-19 12:13:21,Pouco complexo para o preço pedido.,2023-09-21 05:22:28,False
168,1,8,1,2024-01-12 06:06:20,Pouco complexo para o preço pedido.,2024-01-27 21:49:12,False
169,3,24,2,2025-01-26 03:38:34,Ótimo com queijos curados.,2025-01-30 04:33:18,False
170,3,28,2,2025-07-21 19:54:35,"Prefiro vinhos do Douro, este é perto do meu estilo.",2025-08-12 06:42:07,False
171,2,23,1,2024-03-29 23:45:24,"A safra está excelente, recomendo guardar mais alguns anos.",2024-04-25 05:16:25,False
172,3,79,2,2025-04-14 10:30:48,Muito tânico para o meu gosto.,2025-04-30 09:49:41,False
173,2,75,2,2024-05-20 08:36:59,Surpreendeu-me pela elegância.,2024-06-18 11:33:12,False
174,1,27,2,2025-02-15 15:09:45,Surpreendeu-me pela elegância.,2025-03-10 04:12:33,False
175,4,59,1,2023-11-17 22:21:58,Textura sedosa e final longo.,2023-12-16 10:29:34,False
176,3,14,1,2023-11-04 01:06:26,"Adoro vinhos da Toscana, este cumpre bem.",2023-11-06 08:40:15,False
177,2,23,2,2024-10-02 14:59:46,Muito tânico para o meu gosto.,2024-10-13 12:47:29,False
178,1,40,2,2024-11-06 20:47:37,Textura sedosa e final longo.,2024-11-28 22:47:57,False
179,3,73,2,2024-12-27 07:54:07,Pouco complexo para o preço pedido.,2025-01-21 23:18:16,False
180,2,12,2,2025-11-09 20:07:46,Surpreendeu-me pela elegância.,2025-11-13 07:21:43,False
181,1,53,1,2025-07-31 19:06:58,Ótimo com queijos curados.,2025-08-21 22:21:17,False
182,3,74,1,2024-04-23 23:13:28,"Prefiro vinhos do Douro, este é perto do meu estilo.",2024-05-12 04:46:58,False
183,1,39,2,2024-03-17 10:01:01,"Não gostei, achei muito alcoólico.",2024-03-30 10:42:05,False
184,1,34,1,2025-04-20 12:17:01,"Prefiro vinhos do Douro, este é perto do meu estilo.",2025-04-27 13:51:58,False
185,4,67,1,2023-07-17 20:18:16,"Aroma complexo, com notas de baunilha e frutos negros.",2023-07-28 05:14:37,False
186,2,72,1,2023-11-30 22:46:50,"A safra está excelente, recomendo guardar mais alguns anos.",2023-12-31 17:16:16,False
187,3,54,2,2023-03-23 08:17:15,Processo de compra online confuso.,2023-04-03 17:51:00,False
188,2,81,2,2024-07-06 22:25:59,"Adoro vinhos da Toscana, este cumpre bem.",2024-07-19 09:21:34,False
189,1,15,1,2024-05-21 17:21:27,"Vinho leve e fresco, ideal para verão.",2024-05-30 23:54:11,False
190,2,61,2,2025-04-19 09:45:21,Sabor a frutos vermelhos e especiarias.,2025-05-15 03:41:57,False
191,3,88,2,2025-08-11 08:32:34,Excelente relação qualidade/preço.,2025-08-24 08:00:18,False
192,4,8,1,2024-08-11 19:32:34,Sabor a frutos vermelhos e especiarias.,2024-08-30 00:07:29,False
193,4,9,2,2024-03-21 22:31:18,"Vinho leve e fresco, ideal para verão.",2024-03-26 01:42:49,False
194,3,91,1,2025-09-06 19:25:00,Textura sedosa e final longo.,2025-10-03 17:19:13,False
195,1,86,2,2023-03-26 22:49:54,Sabor a frutos vermelhos e especiarias.,2023-04-19 13:34:05,False
196,2,8,1,2025-03-23 11:41:38,"Prefiro vinhos do Douro, este é perto do meu estilo.",2025-03-29 16:44:19,False
197,2,100,1,2024-01-17 14:20:15,Perfeito para acompanhar carnes vermelhas.,2024-01-28 15:55:01,False
198,4,49,2,2023-10-14 00:09:13,"Adoro vinhos da Toscana, este cumpre bem.",2023-10-25 01:17:40,False
199,1,35,1,2025-09-12 04:58:27,Muito tânico para o meu gosto.,2025-09-30 07:00:02,False
200,3,20,2,2025-03-25 10:48:34,"Vinho leve e fresco, ideal para verão.",2025-04-09 00:51:37,False
201,2,3,2,2023-10-22 03:52:46,Sabor a frutos vermelhos e especiarias.,2023-10-29 20:41:41,False
202,3,77,1,2024-09-14 14:58:04,Muito tânico para o meu gosto.,2024-09-30 08:55:33,False
203,2,54,2,2023-12-31 06:49:27,Perfeito para acompanhar carnes vermelhas.,2024-01-05 02:47:54,False
204,4,42,2,2023-07-27 03:21:10,"Adoro vinhos da Toscana, este cumpre bem.",2023-08-08 07:01:13,False
205,4,96,1,2024-12-25 13:40:45,Excelente relação qualidade/preço.,2025-01-11 22:15:08,False
206,1,71,2,2023-02-17 11:16:48,Surpreendeu-me pela elegância.,2023-02-24 00:43:35,False
207,4,67,2,2024-04-24 05:46:45,Sabor a frutos vermelhos e especiarias.,2024-05-19 17:45:37,False
208,2,74,2,2024-06-06 01:25:08,Perfeito para acompanhar carnes vermelhas.,2024-06-28 13:30:25,False
209,1,28,2,2025-06-12 03:08:57,"Gosto muito deste vinho, notas frutadas e bom corpo.",2025-07-13 02:08:52,False
210,4,97,1,2024-11-27 06:53:25,"Aroma complexo, com notas de baunilha e frutos negros.",2024-12-27 16:56:25,False
211,1,51,1,2024-05-21 18:43:23,"Adoro vinhos da Toscana, este cumpre bem.",2024-05-28 03:24:22,False
212,1,96,1,2025-05-31 11:24:29,Perfeito para acompanhar carnes vermelhas.,2025-06-03 23:20:50,False
213,4,64,2,2023-11-27 05:22:00,Pouco complexo para o preço pedido.,2023-12-15 07:40:54,False
214,4,35,1,2023-05-30 23:59:16,"Gosto muito deste vinho, notas frutadas e bom corpo.",2023-06-04 07:38:45,False
215,2,17,2,2025-10-08 18:54:37,"Não gostei, achei muito alcoólico.",2025-11-08 15:33:41,False
216,4,16,2,2023-03-25 22:50:26,"Vinho leve e fresco, ideal para verão.",2023-03-27 20:25:38,False
217,3,93,2,2024-07-07 04:26:10,"Prefiro vinhos do Douro, este é perto do meu estilo.",2024-07-26 14:52:49,False
218,1,3,2,2024-04-05 12:05:05,"A safra está excelente, recomendo guardar mais alguns anos.",2024-04-07 18:47:56,False
219,3,44,2,2023-07-24 23:05:14,Perfeito para acompanhar carnes vermelhas.,2023-08-19 03:15:53,False
220,4,58,2,2025-05-13 13:04:04,"Adoro vinhos da Toscana, este cumpre bem.",2025-06-01 09:38:02,False
221,3,97,1,2023-03-23 21:50:47,Pouco complexo para o preço pedido.,2023-04-17 09:33:48,False
222,4,6,1,2025-09-26 01:32:44,Surpreendeu-me pela elegância.,2025-09-27 04:24:52,False
223,4,21,1,2023-12-27 21:09:05,"Prefiro vinhos do Douro, este é perto do meu estilo.",2024-01-15 13:11:05,False
224,2,22,1,2024-09-04 02:43:20,"A safra está excelente, recomendo guardar mais alguns anos.",2024-09-26 20:57:59,False
225,1,10,2,2025-09-17 08:15:28,Serviço pós-venda eficiente.,2025-09-29 16:01:12,False
226,4,54,2,2024-06-06 00:48:47,Recomendo pela rapidez da entrega.,2024-06-26 01:52:31,False
227,3,73,2,2024-02-19 17:51:46,"Não gostei, achei muito alcoólico.",2024-02-22 09:36:24,False
228,4,94,1,2024-05-05 23:00:50,"Adoro vinhos da Toscana, este cumpre bem.",2024-05-18 06:29:06,False
229,2,4,2,2023-02-02 07:10:03,Excelente relação qualidade/preço.,2023-02-08 21:10:33,False
230,2,54,2,2025-07-04 05:25:11,"Adoro vinhos da Toscana, este cumpre bem.",2025-08-03 02:48:56,False
231,4,69,2,2024-06-04 04:40:49,Sabor a frutos vermelhos e especiarias.,2024-06-17 03:20:07,False
232,3,70,2,2025-03-22 06:44:15,Ótimo com queijos curados.,2025-04-01 04:09:03,False
233,2,77,1,2023-10-15 16:04:00,Pouco complexo para o preço pedido.,2023-11-15 13:56:20,False
234,4,91,2,2023-05-07 23:41:26,Ótimo com queijos curados.,2023-05-18 10:31:02,False
235,2,98,2,2024-07-10 14:41:40,"Não gostei, achei muito alcoólico.",2024-07-12 05:57:44,False
236,2,53,1,2023-03-03 03:35:30,Serviço pós-venda eficiente.,2023-03-27 23:02:12,False
237,3,21,1,2025-06-09 16:22:36,Pouco complexo para o preço pedido.,2025-06-17 00:52:41,False
238,1,1,2,2025-08-22 20:57:00,Ótimo com queijos curados.,2025-09-03 12:37:07,False
239,2,83,2,2024-01-08 22:55:02,Surpreendeu-me pela elegância.,2024-01-20 01:36:01,False
240,4,53,1,2024-02-14 19:50:04,"Aroma complexo, com notas de baunilha e frutos negros.",2024-03-08 00:56:27,False
241,3,77,2,2023-12-18 01:00:59,"Aroma complexo, com notas de baunilha e frutos negros.",2023-12-29 03:09:29,False
242,2,8,2,2023-05-03 15:00:54,Perfeito para acompanhar carnes vermelhas.,2023-05-19 18:42:40,False
243,4,49,1,2023-04-23 23:00:10,"Prefiro vinhos do Douro, este é perto do meu estilo.",2023-05-01 17:18:32,False
244,2,49,2,2025-01-25 01:32:39,Perfeito para acompanhar carnes vermelhas.,2025-02-23 20:20:35,False
245,4,99,2,2024-11-08 06:27:31,Perfeito para acompanhar carnes vermelhas.,2024-11-24 09:14:56,False
246,2,92,2,2025-09-23 16:35:31,"Gosto muito deste vinho, notas frutadas e bom corpo.",2025-10-11 07:09:02,False
247,4,68,2,2025-01-28 02:43:43,Ótimo com queijos curados.,2025-02-23 20:51:04,False
248,3,5,1,2023-02-06 23:40:01,"Prefiro vinhos do Douro, este é perto do meu estilo.",2023-03-01 21:47:20,False
249,1,19,1,2023-11-12 19:48:23,"Adoro vinhos da Toscana, este cumpre bem.",2023-12-07 10:28:28,False
250,1,16,2,2024-11-15 17:03:59,Surpreendeu-me pela elegância.,2024-12-15 22:08:03,False
251,1,95,2,2023-09-23 01:11:07,Perfeito para acompanhar carnes vermelhas.,2023-10-17 01:29:01,False
252,3,10,2,2025-02-11 10:00:18,"Não gostei, achei muito alcoólico.",2025-03-10 12:06:31,False
253,4,60,2,2023-11-06 06:36:11,Ótimo com queijos curados.,2023-12-02 08:54:18,False
254,2,37,1,2023-08-06 20:15:13,Textura sedosa e final longo.,2023-08-27 21:42:37,False
255,2,56,2,2024-07-31 17:06:52,Excelente relação qualidade/preço.,2024-08-14 12:28:29,False
256,2,59,2,2024-08-23 02:50:06,"Não gostei, achei muito alcoólico.",2024-09-17 13:11:09,False
257,3,34,2,2025-03-02 17:00:24,"Adoro vinhos da Toscana, este cumpre bem.",2025-04-01 22:15:31,False
258,1,18,1,2023-09-19 00:57:58,"Aroma complexo, com notas de baunilha e frutos negros.",2023-10-05 11:35:12,False
259,4,36,1,2024-11-28 01:01:18,"Vinho leve e fresco, ideal para verão.",2024-12-26 11:32:09,False
260,1,35,1,2025-10-25 19:26:03,Ótimo com queijos curados.,2025-11-14 02:59:41,False
261,2,30,1,2024-10-17 04:33:52,Ótimo com queijos curados.,2024-10-21 04:27:36,False
262,4,93,2,2023-08-05 08:32:10,Surpreendeu-me pela elegância.,2023-08-28 07:48:44,False
263,3,46,1,2024-05-17 10:29:14,"Não gostei, achei muito alcoólico.",2024-06-09 10:55:30,False
264,2,64,1,2025-06-16 10:29:44,"A safra está excelente, recomendo guardar mais alguns anos.",2025-07-14 19:24:23,False
265,3,16,1,2024-10-23 06:53:50,Pouco complexo para o preço pedido.,2024-11-09 05:48:23,False
266,3,22,1,2025-05-24 21:21:21,Ótimo com queijos curados.,2025-06-21 05:02:18,False
267,1,75,1,2025-09-10 19:54:54,"A safra está excelente, recomendo guardar mais alguns anos.",2025-09-18 14:22:23,False
268,4,10,2,2023-07-24 01:31:44,Textura sedosa e final longo.,2023-08-12 00:14:19,False
269,2,54,1,2024-01-18 01:35:23,"Adoro vinhos da Toscana, este cumpre bem.",2024-01-27 22:35:13,False
270,1,42,1,2023-04-05 10:30:25,Surpreendeu-me pela elegância.,2023-05-01 02:25:41,False
271,1,80,1,2025-09-22 11:31:09,"Adoro vinhos da Toscana, este cumpre bem.",2025-09-29 09:13:34,False
272,4,35,1,2025-04-09 18:11:31,Pouco complexo para o preço pedido.,2025-04-21 19:32:16,False
273,1,84,1,2024-07-30 23:04:11,"Adoro vinhos da Toscana, este cumpre bem.",2024-08-26 23:59:38,False
274,3,17,1,2024-08-19 00:04:38,Surpreendeu-me pela elegância.,2024-08-31 06:41:46,False
275,4,94,1,2025-05-30 17:28:26,Atendimento na loja excelente.,2025-06-25 04:14:16,False
276,4,98,1,2023-12-10 10:13:48,Muito tânico para o meu gosto.,2024-01-01 23:00:29,False
277,3,57,2,2023-10-10 23:25:24,"Aroma complexo, com notas de baunilha e frutos negros.",2023-11-06 17:42:15,False
278,2,78,2,2023-12-27 21:14:31,Sabor a frutos vermelhos e especiarias.,2024-01-21 22:10:18,False
279,2,61,1,2023-02-12 18:33:22,"A safra está excelente, recomendo guardar mais alguns anos.",2023-03-06 04:06:43,False
280,1,82,1,2023-12-10 21:34:47,Não gostei do serviço ao cliente.,2023-12-27 21:25:57,False
281,2,29,1,2025-06-26 16:29:40,Muito tânico para o meu gosto.,2025-07-07 23:45:19,False
282,3,7,1,2023-12-02 13:34:38,"Aroma complexo, com notas de baunilha e frutos negros.",2023-12-19 12:21:24,False
283,1,97,1,2024-02-17 10:42:09,Perfeito para acompanhar carnes vermelhas.,2024-02-23 18:38:37,False
284,1,4,2,2024-07-29 06:56:40,"Gosto muito deste vinho, notas frutadas e bom corpo.",2024-08-24 01:20:46,False
285,3,91,1,2024-09-28 10:49:19,"A safra está excelente, recomendo guardar mais alguns anos.",2024-10-23 16:45:33,False
286,1,65,1,2024-09-29 04:58:23,Serviço pós-venda eficiente.,2024-10-19 03:16:45,False
287,3,59,1,2023-11-28 17:26:45,"A safra está excelente, recomendo guardar mais alguns anos.",2023-12-28 02:47:35,False
288,1,73,2,2024-11-24 16:20:40,Processo de compra online confuso.,2024-12-18 22:48:13,False
289,2,93,1,2025-04-25 07:13:47,Processo de compra online confuso.,2025-05-08 23:05:42,False
290,1,58,1,2023-12-07 23:03:19,"Aroma complexo, com notas de baunilha e frutos negros.",2023-12-12 11:06:54,False
291,1,31,1,2023-08-21 03:27:34,Surpreendeu-me pela elegância.,2023-09-13 22:14:04,False
292,4,27,1,2023-12-13 22:51:08,"Aroma complexo, com notas de baunilha e frutos negros.",2023-12-25 20:06:34,False
293,2,3,1,2023-05-29 14:15:13,Processo de compra online confuso.,2023-06-05 20:24:18,False
294,2,65,1,2024-09-27 02:00:15,Textura sedosa e final longo.,2024-10-04 21:31:27,False
295,1,7,1,2023-04-28 23:37:53,"A safra está excelente, recomendo guardar mais alguns anos.",2023-05-11 11:32:39,False
296,2,50,1,2025-04-27 00:19:37,Textura sedosa e final longo.,2025-05-08 06:54:46,False
297,3,98,2,2025-07-11 19:59:37,"Prefiro vinhos do Douro, este é perto do meu estilo.",2025-08-08 20:06:10,False
298,2,49,2,2024-04-22 21:31:11,"Gosto muito deste vinho, notas frutadas e bom corpo.",2024-04-28 09:53:06,False
299,2,40,2,2024-04-30 04:20:12,"Entrega rápida, muito satisfeito com o serviço.",2024-05-12 00:55:42,False
300,1,73,1,2025-10-05 20:33:18,Muito tânico para o meu gosto.,2025-10-10 18:57:51,False
301,2,67,1,2023-08-15 16:12:58,Surpreendeu-me pela elegância.,2023-08-27 03:16:16,False
302,2,75,2,2024-11-12 04:16:23,Muito tânico para o meu gosto.,2024-11-14 01:45:53,False
303,2,52,1,2025-08-23 15:25:00,"Não gostei, achei muito alcoólico.",2025-09-11 20:13:43,False
304,1,68,2,2024-03-07 21:53:26,"Prefiro vinhos do Douro, este é perto do meu estilo.",2024-03-22 01:32:14,False
305,4,24,1,2025-01-04 15:22:17,Loja muito bem organizada.,2025-01-19 08:16:00,False
306,4,50,2,2024-08-14 20:37:12,"Adoro vinhos da Toscana, este cumpre bem.",2024-09-14 15:58:00,False
307,4,22,1,2025-09-16 11:26:52,"Não gostei, achei muito alcoólico.",2025-09-23 11:29:55,False
308,2,7,2,2025-01-11 14:46:02,Surpreendeu-me pela elegância.,2025-01-24 04:41:25,False
309,3,1,1,2023-08-20 22:42:41,"Prefiro vinhos do Douro, este é perto do meu estilo.",2023-09-15 17:52:49,False
310,1,5,1,2024-04-17 07:45:41,"Entrega atrasada, não recomendo.",2024-05-05 20:27:00,False
311,3,58,1,2025-04-23 03:08:32,"Prefiro vinhos do Douro, este é perto do meu estilo.",2025-05-18 22:35:31,False
312,1,6,2,2023-11-02 01:32:51,"Aroma complexo, com notas de baunilha e frutos negros.",2023-11-18 03:05:34,False
313,1,53,1,2023-05-25 10:41:57,Excelente relação qualidade/preço.,2023-06-25 00:03:03,False
314,3,86,2,2023-01-25 00:56:27,Muito tânico para o meu gosto.,2023-02-04 15:15:58,False
315,1,88,1,2025-10-31 12:00:21,"Aroma complexo, com notas de baunilha e frutos negros.",2025-11-21 15:01:35,False
316,4,29,1,2024-09-10 04:17:12,Sabor a frutos vermelhos e especiarias.,2024-09-14 07:45:32,False
317,2,57,1,2023-09-13 02:35:00,Textura sedosa e final longo.,2023-10-11 18:45:09,False
318,1,100,1,2023-05-04 08:46:12,Não gostei do serviço ao cliente.,2023-05-30 07:03:11,False
319,3,86,1,2023-12-11 20:14:29,Sabor a frutos vermelhos e especiarias.,2024-01-11 05:48:48,False
320,3,1,1,2025-03-09 01:16:44,Ótimo com queijos curados.,2025-03-27 22:40:40,False
321,2,36,2,2023-02-28 02:16:14,"Vinho leve e fresco, ideal para verão.",2023-03-15 19:35:57,False
322,1,75,2,2024-01-25 13:18:40,Atendimento na loja excelente.,2024-02-25 02:03:24,False
323,3,56,1,2023-10-14 01:53:40,"Entrega rápida, muito satisfeito com o serviço.",2023-11-05 14:05:19,False
324,1,64,1,2024-02-24 06:33:08,Processo de compra online confuso.,2024-03-04 07:32:37,False
325,4,84,2,2024-08-13 11:36:40,Muito tânico para o meu gosto.,2024-08-15 01:19:36,False
326,4,37,1,2025-03-02 06:16:08,"Aroma complexo, com notas de baunilha e frutos negros.",2025-03-13 17:02:23,False
327,2,51,2,2023-08-02 09:59:16,Ótimo com queijos curados.,2023-08-04 12:00:42,False
328,1,70,1,2024-09-11 21:54:21,Textura sedosa e final longo.,2024-09-13 11:49:31,False
329,1,61,1,2023-12-08 11:05:06,"Gosto muito deste vinho, notas frutadas e bom corpo.",2024-01-02 10:07:05,False
330,2,31,2,2024-09-15 16:59:10,"Prefiro vinhos do Douro, este é perto do meu estilo.",2024-10-07 01:20:39,False
331,2,68,2,2024-10-16 09:01:09,Ótimo com queijos curados.,2024-10-30 21:30:51,False
332,4,1,1,2024-08-26 11:08:13,Muito tânico para o meu gosto.,2024-09-02 08:09:30,False
333,3,90,2,2025-07-09 06:05:19,"Vinho leve e fresco, ideal para verão.",2025-07-28 06:08:02,False
334,2,82,1,2024-05-17 00:37:52,Pouco complexo para o preço pedido.,2024-05-29 06:53:23,False
335,1,64,1,2024-10-06 08:02:23,"A safra está excelente, recomendo guardar mais alguns anos.",2024-11-01 02:09:13,False
336,2,23,1,2024-01-19 03:42:59,Pouco complexo para o preço pedido.,2024-02-17 01:24:11,False
337,4,77,2,2025-11-07 19:34:45,"Aroma complexo, com notas de baunilha e frutos negros.",2025-11-11 02:13:21,False
338,4,8,2,2025-04-05 13:09:43,Sabor a frutos vermelhos e especiarias.,2025-04-22 09:20:01,False
339,3,20,1,2025-06-17 07:56:32,"Adoro vinhos da Toscana, este cumpre bem.",2025-06-18 23:52:50,False
340,3,37,2,2024-12-16 22:52:46,Loja muito bem organizada.,2024-12-19 00:07:20,False
341,2,91,2,2024-09-28 00:26:14,Loja muito bem organizada.,2024-10-20 09:35:48,False
342,3,93,1,2023-03-23 15:14:38,"Aroma complexo, com notas de baunilha e frutos negros.",2023-04-04 04:34:25,False
343,4,13,1,2025-11-12 07:14:14,"Não gostei, achei muito alcoólico.",2025-11-22 04:22:22,False
344,3,44,1,2023-10-15 09:58:54,"Entrega atrasada, não recomendo.",2023-10-17 22:25:14,False
345,2,48,2,2023-08-15 00:56:59,"A safra está excelente, recomendo guardar mais alguns anos.",2023-08-22 03:29:05,False
346,4,12,2,2023-09-16 20:30:12,"Tiveram atenção ao detalhe, gostei.",2023-10-16 19:15:40,False
347,3,8,2,2023-03-11 19:52:32,"Aroma complexo, com notas de baunilha e frutos negros.",2023-03-30 11:05:20,False
348,3,94,1,2025-01-04 08:06:14,Perfeito para acompanhar carnes vermelhas.,2025-01-14 10:17:11,False
349,4,46,1,2024-05-15 09:23:37,"Prefiro vinhos do Douro, este é perto do meu estilo.",2024-05-28 18:10:19,False
350,3,54,1,2024-12-23 05:42:39,Muito tânico para o meu gosto.,2025-01-02 09:33:20,False
351,2,40,1,2024-03-16 17:40:29,Ótimo com queijos curados.,2024-03-31 14:40:12,False
352,3,100,1,2023-08-28 21:27:20,Muito tânico para o meu gosto.,2023-09-15 04:39:04,False
353,4,96,1,2024-09-26 16:28:32,"Adoro vinhos da Toscana, este cumpre bem.",2024-10-02 19:30:59,False
354,2,44,1,2024-08-16 08:07:28,Pouco complexo para o preço pedido.,2024-08-31 11:33:09,False
355,4,38,2,2024-03-25 08:25:00,"Não gostei, achei muito alcoólico.",2024-04-04 07:56:12,False
356,1,70,1,2025-04-13 13:30:58,"Gosto muito deste vinho, notas frutadas e bom corpo.",2025-05-08 07:15:05,False
357,2,30,2,2025-06-10 02:28:36,"Gosto muito deste vinho, notas frutadas e bom corpo.",2025-06-30 19:51:15,False
358,3,90,2,2024-10-20 21:58:51,Perfeito para acompanhar carnes vermelhas.,2024-10-22 14:27:36,False
359,4,10,1,2024-12-06 03:48:37,Muito tânico para o meu gosto.,2025-01-05 19:09:40,False
360,2,63,1,2023-02-24 12:34:41,Surpreendeu-me pela elegância.,2023-03-07 22:58:10,False
361,3,29,2,2023-11-25 01:17:28,Muito tânico para o meu gosto.,2023-12-08 20:05:57,False
362,2,19,2,2024-08-27 03:20:57,Ótimo com queijos curados.,2024-09-20 05:59:21,False
363,3,35,1,2023-10-03 12:05:00,"A safra está excelente, recomendo guardar mais alguns anos.",2023-10-27 22:03:24,False
364,4,7,2,2025-08-15 09:49:33,Surpreendeu-me pela elegância.,2025-09-02 01:18:33,False
365,4,7,1,2025-02-09 10:21:49,"Aroma complexo, com notas de baunilha e frutos negros.",2025-02-23 13:20:32,False
366,1,27,2,2023-02-27 09:07:22,Muito tânico para o meu gosto.,2023-03-01 11:20:42,False
367,1,62,2,2023-11-15 14:14:26,"Prefiro vinhos do Douro, este é perto do meu estilo.",2023-12-13 00:43:59,False
368,2,48,1,2023-01-26 06:32:56,"A safra está excelente, recomendo guardar mais alguns anos.",2023-02-16 12:01:09,False
369,1,45,1,2025-06-05 08:52:47,Pouco complexo para o preço pedido.,2025-06-14 14:52:56,False
370,4,33,1,2023-11-21 21:53:34,Muito tânico para o meu gosto.,2023-12-09 22:21:55,False
371,4,2,2,2025-04-09 03:06:49,"Não gostei, achei muito alcoólico.",2025-04-19 00:10:56,False
372,3,94,1,2025-09-29 13:37:03,"Aroma complexo, com notas de baunilha e frutos negros.",2025-10-23 06:51:16,False
373,1,13,1,2025-04-15 14:31:02,Ótimo com queijos curados.,2025-05-07 21:05:32,False
374,1,6,1,2025-04-21 23:21:08,"Gosto muito deste vinho, notas frutadas e bom corpo.",2025-04-23 04:50:05,False
375,4,31,2,2025-10-27 21:52:35,"Prefiro vinhos do Douro, este é perto do meu estilo.",2025-10-31 01:38:06,False
376,2,17,2,2024-07-04 14:38:58,"Aroma complexo, com notas de baunilha e frutos negros.",2024-07-17 10:40:16,False
377,1,79,1,2025-01-31 20:32:03,Ótimo com queijos curados.,2025-02-17 00:13:48,False
378,1,11,2,2024-03-08 17:10:40,Sabor a frutos vermelhos e especiarias.,2024-03-21 08:38:11,False
379,2,41,1,2024-11-21 02:09:03,Perfeito para acompanhar carnes vermelhas.,2024-11-25 07:27:18,False
380,4,28,2,2024-04-23 06:32:37,Excelente relação qualidade/preço.,2024-04-27 14:45:53,False
381,2,86,1,2025-06-03 00:02:37,"Não gostei, achei muito alcoólico.",2025-06-18 05:22:25,False
382,3,85,2,2023-08-15 06:50:58,"Vinho leve e fresco, ideal para verão.",2023-08-20 21:38:25,False
383,3,95,1,2024-08-16 09:11:19,Muito tânico para o meu gosto.,2024-09-10 01:11:05,False
384,3,5,2,2023-10-17 22:56:25,Pouco complexo para o preço pedido.,2023-11-02 03:39:28,False
385,1,18,2,2023-08-17 18:37:32,"Não gostei, achei muito alcoólico.",2023-09-02 23:24:39,False
386,4,68,2,2024-05-06 14:38:37,Pouco complexo para o preço pedido.,2024-05-09 16:36:37,False
387,2,64,2,2025-08-01 11:45:20,Perfeito para acompanhar carnes vermelhas.,2025-08-22 01:46:26,False
388,4,42,2,2025-02-27 02:32:59,Surpreendeu-me pela elegância.,2025-03-27 21:25:00,False
389,4,80,2,2025-04-03 08:13:47,Textura sedosa e final longo.,2025-04-15 07:12:30,False
390,1,71,2,2024-04-17 02:06:43,"Prefiro vinhos do Douro, este é perto do meu estilo.",2024-05-08 21:58:21,False
391,2,13,2,2024-02-23 17:31:25,"Adoro vinhos da Toscana, este cumpre bem.",2024-03-07 17:10:22,False
392,4,89,1,2025-01-07 21:49:08,Excelente relação qualidade/preço.,2025-01-26 08:50:39,False
393,4,13,2,2023-04-20 09:51:06,"Prefiro vinhos do Douro, este é perto do meu estilo.",2023-05-03 06:53:18,False
394,4,52,2,2024-08-16 20:14:16,"A safra está excelente, recomendo guardar mais alguns anos.",2024-08-18 14:06:48,False
395,1,99,1,2023-09-01 21:29:20,Surpreendeu-me pela elegância.,2023-10-02 16:53:49,False
396,4,53,2,2025-04-19 19:03:53,"Prefiro vinhos do Douro, este é perto do meu estilo.",2025-05-20 15:09:56,False
397,2,31,1,2024-05-24 09:15:46,"Vinho leve e fresco, ideal para verão.",2024-06-09 05:40:02,False
398,4,2,2,2024-11-24 20:48:04,"Vinho leve e fresco, ideal para verão.",2024-11-27 22:07:29,False
399,4,55,1,2023-12-28 05:26:27,"Adoro vinhos da Toscana, este cumpre bem.",2024-01-16 16:21:30,False
400,3,70,2,2025-08-28 15:07:10,Sabor a frutos vermelhos e especiarias.,2025-09-24 23:21:58,False
401,3,21,1,2025-05-09 06:53:20,"Entrega atrasada, não recomendo.",2025-05-10 11:45:39,False
402,2,4,2,2024-03-02 00:45:29,"A safra está excelente, recomendo guardar mais alguns anos.",2024-03-22 22:53:46,False
403,4,56,1,2023-05-07 16:46:22,Ótimo com queijos curados.,2023-05-31 21:02:55,False
404,1,90,1,2025-07-19 15:55:50,"Vinho leve e fresco, ideal para verão.",2025-08-18 05:33:07,False
405,1,8,1,2023-05-15 14:31:02,Ótimo com queijos curados.,2023-06-14 18:14:17,False
406,4,93,2,2025-06-02 09:04:19,Não gostei do serviço ao cliente.,2025-06-10 13:53:35,False
407,2,92,1,2023-10-12 02:47:31,Atendimento na loja excelente.,2023-11-05 14:45:25,False
408,2,96,2,2023-09-03 18:10:57,"Vinho leve e fresco, ideal para verão.",2023-09-22 15:02:07,False
409,4,81,2,2025-07-15 20:34:43,Excelente relação qualidade/preço.,2025-07-30 00:47:50,False
410,2,55,2,2025-08-05 16:29:00,Perfeito para acompanhar carnes vermelhas.,2025-08-10 06:58:06,False
411,2,19,1,2024-08-18 06:51:47,Perfeito para acompanhar carnes vermelhas.,2024-09-16 00:34:14,False
412,4,49,1,2024-08-21 01:15:43,Perfeito para acompanhar carnes vermelhas.,2024-09-05 14:07:42,False
413,2,26,1,2024-07-14 22:17:03,Pouco complexo para o preço pedido.,2024-08-08 22:23:44,False
414,1,56,2,2023-10-07 07:45:39,Perfeito para acompanhar carnes vermelhas.,2023-10-15 22:30:05,False
415,1,60,2,2024-02-20 21:43:03,Surpreendeu-me pela elegância.,2024-03-13 00:43:25,False
416,3,74,1,2023-08-17 08:45:57,"Prefiro vinhos do Douro, este é perto do meu estilo.",2023-09-06 09:05:20,False
417,1,29,2,2024-10-26 21:42:41,"Não gostei, achei muito alcoólico.",2024-11-19 16:39:15,False
418,1,97,2,2024-09-26 06:44:15,"Adoro vinhos da Toscana, este cumpre bem.",2024-10-20 17:18:57,False
419,2,14,1,2023-08-08 03:57:51,Ótimo com queijos curados.,2023-09-04 07:02:55,False
420,4,3,2,2025-09-14 06:02:23,Ótimo com queijos curados.,2025-10-10 14:26:14,False
421,1,25,2,2023-11-08 22:37:30,"Prefiro vinhos do Douro, este é perto do meu estilo.",2023-11-15 10:05:05,False
422,3,65,2,2024-08-30 12:26:54,Textura sedosa e final longo.,2024-09-15 00:07:19,False
423,3,68,2,2024-07-19 00:27:47,"Gosto muito deste vinho, notas frutadas e bom corpo.",2024-07-29 16:41:16,False
424,2,28,2,2023-12-24 07:33:03,"Adoro vinhos da Toscana, este cumpre bem.",2024-01-12 04:56:43,False
425,4,86,1,2024-05-17 20:55:57,Textura sedosa e final longo.,2024-05-22 11:39:42,False
426,3,97,2,2023-02-25 06:57:28,"Aroma complexo, com notas de baunilha e frutos negros.",2023-03-22 16:35:59,False
427,2,86,2,2024-05-02 14:53:46,Sabor a frutos vermelhos e especiarias.,2024-05-19 02:15:40,False
428,1,11,1,2023-03-01 19:59:16,"Vinho leve e fresco, ideal para verão.",2023-04-01 18:35:22,False
429,1,38,2,2023-04-04 07:00:04,"Não gostei, achei muito alcoólico.",2023-04-08 05:50:04,False
430,2,57,1,2024-09-08 22:24:49,"Gosto muito deste vinho, notas frutadas e bom corpo.",2024-10-02 01:20:51,False
431,4,44,2,2025-06-04 16:17:33,"Adoro vinhos da Toscana, este cumpre bem.",2025-06-09 02:37:19,False
432,4,91,1,2024-03-24 03:51:30,"Vinho leve e fresco, ideal para verão.",2024-04-15 19:38:16,False
433,1,95,1,2025-04-17 18:58:12,Excelente relação qualidade/preço.,2025-05-13 03:34:08,False
434,1,23,1,2024-01-26 11:40:26,"Adoro vinhos da Toscana, este cumpre bem.",2024-01-31 05:04:33,False
435,4,28,1,2023-07-16 19:28:24,"A safra está excelente, recomendo guardar mais alguns anos.",2023-08-06 12:13:42,False
436,4,5,2,2025-04-25 12:12:19,Ótimo com queijos curados.,2025-05-12 00:58:37,False
437,4,95,2,2025-08-02 17:31:43,"Gosto muito deste vinho, notas frutadas e bom corpo.",2025-08-04 10:25:19,False
438,1,91,1,2025-03-01 06:07:27,Textura sedosa e final longo.,2025-03-28 20:05:42,False
439,2,8,1,2024-01-09 13:06:08,Pouco complexo para o preço pedido.,2024-01-25 07:22:33,False
440,4,50,1,2023-11-26 07:15:59,Ótimo com queijos curados.,2023-12-13 19:10:16,False
441,4,23,1,2024-03-26 15:47:17,Funcionários pouco prestáveis.,2024-04-02 18:21:55,False
442,1,23,1,2023-01-21 01:30:20,"Não gostei, achei muito alcoólico.",2023-02-14 06:20:35,False
443,3,35,2,2023-10-02 20:31:34,Muito tânico para o meu gosto.,2023-10-26 06:35:31,False
444,2,58,1,2025-03-28 03:57:51,"Adoro vinhos da Toscana, este cumpre bem.",2025-03-29 17:24:40,False
445,3,19,1,2023-01-16 11:37:25,"Prefiro vinhos do Douro, este é perto do meu estilo.",2023-01-18 22:48:46,False
446,4,10,2,2024-04-28 19:01:08,"Adoro vinhos da Toscana, este cumpre bem.",2024-05-02 08:45:18,False
447,2,5,2,2025-02-25 06:51:54,Processo de compra online confuso.,2025-03-19 19:39:58,False
448,4,1,2,2023-11-17 16:24:42,"Não gostei, achei muito alcoólico.",2023-12-08 15:20:02,False
449,4,24,1,2024-08-28 00:43:27,Ótimo com queijos curados.,2024-09-06 08:12:35,False
450,3,25,1,2024-02-24 13:49:19,"Não gostei, achei muito alcoólico.",2024-03-12 23:39:25,False
451,3,23,2,2023-06-04 07:39:51,Recomendo pela rapidez da entrega.,2023-06-29 12:55:13,False
452,3,10,2,2023-06-22 20:48:56,"Vinho leve e fresco, ideal para verão.",2023-07-02 00:13:36,False
453,1,7,2,2023-07-04 09:16:50,Sabor a frutos vermelhos e especiarias.,2023-07-30 12:31:21,False
454,4,27,2,2024-02-22 02:38:46,Não gostei do serviço ao cliente.,2024-03-09 00:26:02,False
455,1,91,1,2023-04-22 11:51:05,Pouco complexo para o preço pedido.,2023-05-04 03:12:27,False
456,1,6,2,2023-12-27 06:43:45,Serviço pós-venda eficiente.,2024-01-05 20:40:24,False
457,1,34,1,2025-10-19 20:31:59,Textura sedosa e final longo.,2025-10-25 18:22:06,False
458,3,46,1,2025-06-11 18:59:12,"Gosto muito deste vinho, notas frutadas e bom corpo.",2025-07-08 01:20:43,False
459,4,1,2,2025-05-11 15:08:48,Pouco complexo para o preço pedido.,2025-06-04 02:18:36,False
460,3,87,1,2025-10-22 23:42:50,Perfeito para acompanhar carnes vermelhas.,2025-11-14 20:05:24,False
461,1,51,1,2025-01-13 00:41:36,Excelente relação qualidade/preço.,2025-02-04 09:17:17,False
462,4,76,1,2023-11-04 09:14:33,Muito tânico para o meu gosto.,2023-11-08 03:43:24,False
463,3,41,2,2024-02-09 16:53:33,Muito tânico para o meu gosto.,2024-02-29 18:24:38,False
464,1,80,2,2024-09-04 05:20:25,Serviço pós-venda eficiente.,2024-09-29 20:07:45,False
465,4,100,2,2024-06-22 16:09:18,"Entrega atrasada, não recomendo.",2024-07-01 21:08:02,False
466,4,70,2,2024-02-10 23:32:49,"Gosto muito deste vinho, notas frutadas e bom corpo.",2024-02-20 11:48:42,False
467,3,91,1,2023-12-29 19:29:37,Ótimo com queijos curados.,2024-01-09 11:24:42,False
468,2,44,1,2023-06-17 01:40:59,"Gosto muito deste vinho, notas frutadas e bom corpo.",2023-06-18 23:50:34,False
469,1,91,2,2023-02-02 17:32:20,Pouco complexo para o preço pedido.,2023-02-15 23:57:34,False
470,3,65,1,2023-09-04 12:06:57,Perfeito para acompanhar carnes vermelhas.,2023-09-14 15:57:28,False
471,2,5,1,2025-08-15 09:29:45,"Vinho leve e fresco, ideal para verão.",2025-08-19 06:24:10,False
472,3,25,2,2025-06-17 18:19:29,"Não gostei, achei muito alcoólico.",2025-07-07 04:28:38,False
473,3,87,1,2025-02-24 21:22:06,"A safra está excelente, recomendo guardar mais alguns anos.",2025-03-05 05:10:57,False
474,4,97,1,2024-07-09 04:55:07,"Aroma complexo, com notas de baunilha e frutos negros.",2024-07-12 14:56:53,False
475,4,4,2,2024-01-24 17:23:37,Pouco complexo para o preço pedido.,2024-02-21 22:36:41,False
476,2,79,2,2025-09-10 18:11:13,Sabor a frutos vermelhos e especiarias.,2025-10-08 22:47:36,False
477,2,41,2,2025-09-05 20:30:10,Pouco complexo para o preço pedido.,2025-09-12 14:09:25,False
478,4,47,2,2024-03-17 12:59:45,"Gosto muito deste vinho, notas frutadas e bom corpo.",2024-03-23 03:21:10,False
479,1,91,2,2024-03-03 01:13:37,"Aroma complexo, com notas de baunilha e frutos negros.",2024-03-21 20:25:29,False
480,4,100,1,2023-12-03 12:31:05,"Gosto muito deste vinho, notas frutadas e bom corpo.",2023-12-27 12:01:13,False
481,4,41,2,2024-08-08 21:23:44,Muito tânico para o meu gosto.,2024-08-13 15:49:30,False
482,3,10,1,2025-02-20 16:56:01,Excelente relação qualidade/preço.,2025-03-23 00:36:07,False
483,3,28,2,2024-03-24 08:29:17,"Não gostei, achei muito alcoólico.",2024-04-05 18:51:05,False
484,4,19,2,2024-12-28 20:48:59,Surpreendeu-me pela elegância.,2025-01-07 11:31:30,False
485,4,75,1,2024-08-07 15:27:46,"Entrega rápida, muito satisfeito com o serviço.",2024-09-04 00:35:23,False
486,4,39,2,2025-07-19 19:03:48,"Vinho leve e fresco, ideal para verão.",2025-08-14 10:57:02,False
487,2,86,2,2023-01-08 00:17:29,Surpreendeu-me pela elegância.,2023-01-31 19:29:39,False
488,4,22,2,2024-01-28 14:41:54,Pouco complexo para o preço pedido.,2024-02-05 14:37:23,False
489,4,56,1,2023-12-02 00:19:37,Excelente relação qualidade/preço.,2023-12-12 08:34:26,False
490,2,19,2,2024-07-16 11:01:47,"Aroma complexo, com notas de baunilha e frutos negros.",2024-08-03 01:45:23,False
491,3,79,2,2025-09-14 18:33:40,Surpreendeu-me pela elegância.,2025-10-08 09:47:16,False
492,1,96,2,2025-10-07 08:43:10,Atendimento na loja excelente.,2025-10-26 07:42:54,False
493,1,22,1,2023-11-09 21:01:46,"A safra está excelente, recomendo guardar mais alguns anos.",2023-12-07 23:44:37,False
494,3,49,1,2024-08-23 04:46:08,Surpreendeu-me pela elegância.,2024-09-11 20:29:54,False
495,4,25,1,2024-11-13 11:26:18,Ótimo com queijos curados.,2024-11-29 01:16:32,False
496,3,98,2,2024-02-14 03:39:50,"Vinho leve e fresco, ideal para verão.",2024-02-24 02:25:55,False
497,1,60,1,2023-02-19 03:20:48,Atendimento na loja excelente.,2023-03-02 18:25:58,False
498,3,6,1,2023-01-17 17:00:06,Muito tânico para o meu gosto.,2023-02-16 07:17:33,False
499,1,15,2,2023-09-05 05:07:14,Sabor a frutos vermelhos e especiarias.,2023-09-24 09:12:07,False
500,2,70,2,2024-12-10 17:58:19,"Não gostei, achei muito alcoólico.",2024-12-27 05:07:25,False
