venda_id,utilizador_id,datahora,loja_id,produto_id,quantidade,valor_unitario,metodo_pagamento_id,comentario,extracted
1,2,2023-12-28 10:13:36,2,5,1,14.11,1,Muito bom para acompanhar carnes.,False
2,5,2024-11-28 19:43:37,1,92,6,7.97,4,Bom para dias de festa.,False
3,5,2024-03-07 15:47:40,1,98,2,16.17,4,Gosto especialmente de vinhos da Toscana.,False
4,4,2024-08-13 04:42:59,1,98,3,35.54,1,Excelente equilíbrio e final longo.,False
5,3,2023-03-09 11:56:59,2,45,5,7.31,3,Aroma a frutos vermelhos frescos.,False
6,5,2025-09-03 13:23:25,1,49,1,7.31,3,Final agradável e persistente.,False
7,2,2023-12-21 00:39:48,1,91,1,37.39,1,"Gosto, mas esperava mais corpo.",False
8,4,2024-12-05 08:21:40,1,30,1,18.01,4,"Textura sedosa, recomendo.",False
9,5,2024-02-19 17:39:16,1,48,3,5.91,2,"Gosto, mas esperava mais corpo.",False
10,2,2024-12-19 02:18:35,1,69,6,14.71,2,"Sabor frutado, a lembrar cereja.",False
11,4,2024-05-18 18:08:11,2,82,6,5.95,2,"Gosto, mas esperava mais corpo.",False
12,5,2023-04-13 19:41:24,1,5,3,5.93,4,"Textura sedosa, recomendo.",False
13,4,2025-09-25 15:15:17,2,28,6,11.22,4,Aroma mineral interessante.,False
14,3,2025-05-22 01:19:15,1,34,2,3.0,2,Acho que este produtor está excelente este ano.,False
15,2,2023-08-03 21:22:52,2,75,4,3.0,3,Bom para dias de festa.,False
16,4,2025-09-01 16:53:02,1,97,1,5.44,1,"Adoro vinhos do Alentejo, este é bom.",False
17,3,2025-07-14 16:19:50,2,77,1,3.63,4,Aroma mineral interessante.,False
18,3,2025-04-14 03:42:17,2,71,1,11.98,1,"Gosto, mas esperava mais corpo.",False
19,4,2024-12-05 20:02:45,2,15,3,3.99,4,"Sabor frutado, a lembrar cereja.",False
20,2,2025-08-29 08:52:51,2,65,2,3.0,1,"Um clássico da região, muito bom.",False
21,3,2025-04-03 21:01:04,1,20,3,33.75,2,"Para mim, demasiado alcoólico.",False
22,4,2024-07-17 20:54:13,2,63,1,7.37,1,Textura muito agradável.,False
23,3,2025-01-24 23:02:15,1,8,2,9.59,1,Excelente equilíbrio e final longo.,False
24,5,2023-09-14 12:22:45,1,17,6,3.0,4,"Para mim, demasiado alcoólico.",False
25,5,2024-04-29 05:37:32,2,28,5,5.53,2,Vinho leve e apetecível.,False
26,3,2024-01-21 02:35:28,2,57,5,9.97,4,Atendimento na loja excelente.,False
27,2,2023-12-09 02:17:57,1,44,1,3.2,2,Sabor a frutos negros e especiarias.,False
28,3,2023-04-15 16:51:58,1,91,6,12.66,1,Bom para dias de festa.,False
29,3,2025-11-05 05:17:57,2,10,5,5.26,2,"Textura sedosa, recomendo.",False
30,5,2025-01-04 17:42:33,1,70,2,6.94,4,Bom para dias de festa.,False
31,3,2024-10-20 00:09:20,1,13,1,5.25,4,Não sou fã desta safra em particular.,False
32,3,2024-09-17 10:48:33,2,94,1,47.8,1,"Não me agradou, demasiado tânico.",False
33,4,2024-11-27 21:31:31,1,32,2,8.92,2,"Para mim, demasiado alcoólico.",False
34,3,2023-04-28 02:33:08,2,24,3,3.48,4,Bom para dias de festa.,False
35,3,2024-01-03 04:51:58,1,7,6,18.92,1,Excelente equilíbrio e final longo.,False
36,3,2024-09-14 23:51:56,2,63,4,3.01,2,"Um clássico da região, muito bom.",False
37,2,2024-12-07 19:56:29,1,49,1,10.89,4,"Textura sedosa, recomendo.",False
38,2,2023-10-22 23:54:20,2,90,6,3.0,4,"Adoro vinhos do Alentejo, este é bom.",False
39,5,2024-05-02 04:02:05,1,8,5,3.0,1,Acho que este produtor está excelente este ano.,False
40,4,2025-02-27 21:13:07,1,75,4,10.77,2,"Não me agradou, demasiado tânico.",False
41,3,2024-01-01 09:02:12,1,9,5,17.54,1,"Gosto, mas esperava mais corpo.",False
42,2,2023-05-08 08:33:46,1,73,2,10.53,1,Muito elegante e refinado.,False
43,4,2024-02-17 14:49:36,2,34,2,8.13,3,Bom para dias de festa.,False
44,5,2024-05-06 03:56:24,1,86,6,6.88,3,Excelente relação qualidade/preço.,False
45,4,2025-04-15 04:27:48,1,59,5,3.0,1,Excelente equilíbrio e final longo.,False
46,2,2024-01-15 11:34:59,2,17,3,4.72,1,Boa expressão da casta local.,False
47,5,2025-10-12 22:00:15,2,21,4,5.96,3,Muito elegante e refinado.,False
48,2,2023-06-29 07:29:33,2,85,1,23.37,2,"Textura sedosa, recomendo.",False
49,5,2024-06-16 15:30:13,1,35,3,12.3,2,Vinho leve e apetecível.,False
50,3,2023-03-20 21:55:12,2,65,4,3.0,3,Boa expressão da casta local.,False
51,4,2023-07-23 05:18:37,2,36,1,12.08,1,Gosto especialmente de vinhos da Toscana.,False
52,5,2023-01-16 00:30:45,1,95,4,6.38,4,"Para mim, demasiado alcoólico.",False
53,4,2024-07-27 13:22:10,1,89,2,4.91,1,Final agradável e persistente.,False
54,3,2023-03-03 23:23:19,2,17,1,15.65,3,Não sou fã desta safra em particular.,False
55,5,2025-05-19 17:58:13,1,88,2,22.83,1,Não sou fã desta safra em particular.,False
56,5,2024-10-02 11:26:59,1,31,2,20.87,2,Boa expressão da casta local.,False
57,5,2025-11-06 15:56:52,1,95,3,4.24,4,Aroma a frutos vermelhos frescos.,False
58,2,2023-03-02 03:45:28,2,21,6,6.83,1,Aroma mineral interessante.,False
59,4,2023-12-20 13:22:29,1,26,4,12.16,3,Pouco complexo para o preço.,False
60,2,2024-03-08 19:04:29,1,85,2,21.71,4,Gosto especialmente de vinhos da Toscana.,False
61,2,2025-04-12 23:34:17,2,45,6,5.86,4,"Gosto, mas esperava mais corpo.",False
62,4,2024-02-17 09:18:12,1,15,3,7.64,2,Sabor a frutos negros e especiarias.,False
63,5,2024-05-02 06:44:16,1,77,4,3.33,3,Acho que este produtor está excelente este ano.,False
64,3,2023-03-10 22:50:59,1,50,5,3.08,2,"Textura sedosa, recomendo.",False
65,3,2024-10-31 23:55:57,1,67,5,18.75,2,Não sou fã desta safra em particular.,False
66,4,2024-04-11 12:49:32,2,80,3,30.59,1,Acho que este produtor está excelente este ano.,False
67,4,2023-07-17 17:37:59,2,42,4,8.46,3,"Para mim, demasiado alcoólico.",False
68,5,2025-06-03 01:46:54,2,86,4,22.27,2,Muito elegante e refinado.,False
69,2,2023-11-23 12:10:42,2,71,1,12.5,3,Pouco complexo para o preço.,False
70,4,2023-11-28 23:21:56,2,60,4,5.05,4,"Gosto, mas esperava mais corpo.",False
71,5,2025-10-28 06:15:53,1,85,1,12.49,3,Ideal para guardar mais alguns anos.,False
72,5,2023-11-06 08:06:07,1,97,2,36.03,3,Bom para dias de festa.,False
73,2,2023-04-24 03:13:59,1,6,2,8.74,4,Muito elegante e refinado.,False
74,4,2024-08-19 11:45:17,2,81,5,36.9,2,Vinho leve e apetecível.,False
75,4,2023-06-15 13:51:44,2,32,2,3.0,1,Boa expressão da casta local.,False
76,2,2025-05-15 21:35:39,1,23,6,18.91,4,"Não me agradou, demasiado tânico.",False
77,2,2025-04-05 02:01:54,1,59,2,9.76,4,"Gosto, mas esperava mais corpo.",False
78,3,2025-05-01 02:08:48,2,79,6,6.9,4,Final agradável e persistente.,False
79,5,2024-01-20 01:45:55,1,96,4,9.8,4,"Textura sedosa, recomendo.",False
80,2,2023-05-01 08:47:19,2,81,2,3.0,3,Excelente relação qualidade/preço.,False
81,3,2025-04-19 02:20:04,1,35,3,7.41,3,Boa expressão da casta local.,False
82,3,2023-08-26 08:59:35,1,20,2,12.45,4,Vinho leve e apetecível.,False
83,4,2024-12-24 18:55:01,1,54,4,34.13,3,"Para mim, demasiado alcoólico.",False
84,3,2025-06-26 08:03:31,1,27,4,5.66,4,Boa expressão da casta local.,False
85,5,2024-08-28 19:45:21,2,62,1,4.36,3,Pouco complexo para o preço.,False
86,2,2025-01-24 10:02:45,1,63,2,5.75,3,Notas de baunilha e carvalho equilibradas.,False
87,3,2023-09-14 09:18:48,2,44,6,20.57,4,Acho que este produtor está excelente este ano.,False
88,4,2024-09-04 02:08:23,1,80,5,12.13,1,Textura muito agradável.,False
89,5,2024-12-18 05:21:56,1,83,4,5.6,2,"Um clássico da região, muito bom.",False
90,3,2024-12-07 08:25:10,1,34,4,14.32,3,Muito bom para acompanhar carnes.,False
91,3,2024-10-16 21:04:33,2,98,4,9.85,3,Perfeito para acompanhar pratos mediterrânicos.,False
92,3,2023-12-15 07:36:29,1,61,1,21.58,1,Não sou fã desta safra em particular.,False
93,3,2023-02-01 15:49:19,1,97,1,4.8,2,Muito bom para acompanhar carnes.,False
94,5,2023-12-05 14:18:25,1,17,4,6.72,1,Sabor a frutos negros e especiarias.,False
95,4,2025-08-01 07:49:38,2,99,3,6.34,2,Muito elegante e refinado.,False
96,2,2024-04-29 14:36:32,1,40,1,3.0,1,Textura muito agradável.,False
97,3,2025-09-01 09:17:29,2,92,2,11.78,1,Sabor a frutos negros e especiarias.,False
98,3,2025-05-29 03:29:41,1,90,3,11.42,1,Aroma a frutos vermelhos frescos.,False
99,4,2025-02-24 23:35:07,2,69,4,9.07,3,Excelente equilíbrio e final longo.,False
100,5,2024-07-16 15:20:55,1,54,4,7.31,1,Notas de baunilha e carvalho equilibradas.,False
101,4,2025-04-16 00:32:24,1,56,2,3.0,3,Muito elegante e refinado.,False
102,4,2024-01-17 08:43:23,2,56,6,6.18,3,Gosto especialmente de vinhos da Toscana.,False
103,3,2025-08-06 02:48:54,2,58,2,6.63,4,Sabor a frutos negros e especiarias.,False
104,3,2025-01-27 09:10:44,2,4,4,4.38,3,"Sabor frutado, a lembrar cereja.",False
105,3,2024-03-05 04:02:20,2,34,3,7.81,3,Serviço pós-venda eficiente.,False
106,3,2025-05-12 10:28:09,1,11,2,12.98,4,Preferia um vinho mais acidez.,False
107,4,2023-01-27 18:52:31,2,83,6,49.28,4,Excelente relação qualidade/preço.,False
108,5,2025-10-28 10:13:25,2,29,4,10.56,2,Pouco complexo para o preço.,False
109,4,2025-05-04 23:58:10,2,71,5,11.38,3,Notas de baunilha e carvalho equilibradas.,False
110,2,2024-01-26 13:00:30,2,90,4,8.44,3,Pouco complexo para o preço.,False
111,2,2025-04-12 10:27:23,1,93,2,3.0,3,Prefiro vinhos do Douro a este estilo.,False
112,2,2025-07-04 21:23:34,1,28,6,8.81,4,"Textura sedosa, recomendo.",False
113,4,2023-10-06 18:03:56,1,25,3,9.53,2,Não sou fã desta safra em particular.,False
114,3,2023-03-12 16:56:53,1,91,5,82.84,2,"Textura sedosa, recomendo.",False
115,4,2023-01-20 01:17:14,2,90,2,7.59,4,Atendimento na loja excelente.,False
116,5,2023-03-21 19:27:46,2,62,4,11.84,3,"Sabor frutado, a lembrar cereja.",False
117,3,2023-04-26 01:59:00,2,15,1,8.75,4,Preferia um vinho mais acidez.,False
118,5,2024-01-21 13:13:46,1,20,5,3.15,3,Excelente equilíbrio e final longo.,False
119,5,2025-03-22 18:54:58,2,78,5,25.24,2,Perfeito para acompanhar pratos mediterrânicos.,False
120,5,2025-06-02 08:02:35,2,57,3,17.76,4,Pouco complexo para o preço.,False
121,5,2025-10-22 22:32:44,1,98,2,18.39,2,"Textura sedosa, recomendo.",False
122,5,2023-01-05 03:45:29,1,31,2,3.98,1,"Sabor frutado, a lembrar cereja.",False
123,3,2023-02-20 16:54:07,2,89,5,31.9,4,Pouco complexo para o preço.,False
124,4,2023-12-29 14:40:12,2,91,3,3.0,4,Excelente equilíbrio e final longo.,False
125,3,2023-08-20 10:43:38,1,55,1,15.3,2,Ótimo com queijos curados.,False
126,2,2024-04-22 20:35:58,1,10,1,64.81,2,Aroma a frutos vermelhos frescos.,False
127,4,2024-09-17 06:36:18,2,16,4,3.7,3,Vinho leve e apetecível.,False
128,2,2024-11-02 03:11:45,2,57,1,5.42,1,Boa expressão da casta local.,False
129,3,2025-06-12 12:58:37,2,4,1,9.87,2,"Gosto, mas esperava mais corpo.",False
130,5,2025-03-17 04:22:27,2,74,1,5.74,2,Preferia um vinho mais acidez.,False
131,4,2025-02-02 20:51:59,2,24,5,3.0,4,Ótimo com queijos curados.,False
132,4,2025-11-07 00:23:17,2,45,4,9.6,3,Gosto especialmente de vinhos da Toscana.,False
133,4,2025-10-26 06:54:16,1,43,4,3.47,4,Pouco complexo para o preço.,False
134,3,2024-05-17 04:31:13,1,59,1,13.82,3,"Textura sedosa, recomendo.",False
135,2,2023-03-26 04:52:29,2,66,1,3.95,4,Notas de baunilha e carvalho equilibradas.,False
136,5,2023-03-22 04:13:35,2,80,4,36.41,4,Perfeito para acompanhar pratos mediterrânicos.,False
137,4,2025-01-22 23:21:56,2,71,2,4.46,3,Excelente relação qualidade/preço.,False
138,3,2023-09-04 00:45:57,1,81,5,6.75,2,Vinho leve e apetecível.,False
139,4,2023-06-26 06:08:13,1,71,4,18.77,1,Bom para dias de festa.,False
140,4,2024-03-29 09:23:15,1,83,2,3.0,4,Textura muito agradável.,False
141,5,2025-05-06 08:39:06,2,62,4,11.08,2,Excelente relação qualidade/preço.,False
142,4,2023-04-19 10:42:30,2,25,5,29.27,2,"Um clássico da região, muito bom.",False
143,4,2024-03-15 09:00:05,2,44,5,3.0,3,"Entrega rápida, muito satisfeito com o serviço.",False
144,3,2024-05-31 10:15:35,2,20,4,10.66,4,Não sou fã desta safra em particular.,False
145,3,2024-08-17 22:11:17,2,42,2,11.4,2,Sabor a frutos negros e especiarias.,False
146,3,2024-08-15 05:19:38,2,6,3,18.24,4,Vinho leve e apetecível.,False
147,2,2025-07-05 19:31:16,1,64,1,3.0,2,Ideal para guardar mais alguns anos.,False
148,2,2023-08-12 22:30:12,1,57,1,3.0,4,"Gosto deste vinho, muito aromático.",False
149,4,2025-08-26 04:47:40,1,10,4,14.44,3,Gosto especialmente de vinhos da Toscana.,False
150,5,2025-08-31 16:46:01,1,43,6,11.79,4,Gosto especialmente de vinhos da Toscana.,False
151,4,2024-03-22 10:15:56,1,80,1,11.31,2,Ótimo com queijos curados.,False
152,3,2023-09-16 10:31:43,1,56,1,12.33,1,Excelente relação qualidade/preço.,False
153,5,2024-07-10 20:28:55,1,6,3,4.89,1,Pouco complexo para o preço.,False
154,4,2023-10-07 17:00:26,2,19,2,11.12,4,Sabor a frutos negros e especiarias.,False
155,3,2024-01-10 02:47:07,1,11,5,11.75,4,Muito elegante e refinado.,False
156,4,2024-02-01 15:16:10,1,30,4,4.74,3,Excelente relação qualidade/preço.,False
157,4,2024-11-17 04:52:47,2,37,6,48.39,2,Excelente equilíbrio e final longo.,False
158,3,2024-04-14 07:54:44,2,82,4,13.82,3,Excelente relação qualidade/preço.,False
159,4,2025-06-07 10:49:24,2,62,1,3.09,2,Aroma mineral interessante.,False
160,5,2025-10-19 12:35:10,2,90,3,16.3,1,Final agradável e persistente.,False
161,3,2025-07-31 00:28:21,2,2,5,3.75,1,Textura muito agradável.,False
162,3,2025-09-15 22:50:05,2,100,2,18.33,3,Bom para dias de festa.,False
163,2,2023-05-31 22:32:01,2,87,6,25.6,2,Ótimo com queijos curados.,False
164,5,2023-07-24 03:23:14,2,57,1,4.31,3,Acho que este produtor está excelente este ano.,False
165,3,2023-11-08 22:10:21,2,42,6,21.48,4,"Sabor frutado, a lembrar cereja.",False
166,2,2023-09-13 14:39:38,2,68,5,13.09,3,Final agradável e persistente.,False
167,2,2023-06-28 21:50:16,2,38,6,18.91,3,Aroma a frutos vermelhos frescos.,False
168,4,2025-05-15 18:07:13,1,19,2,49.76,4,"Um clássico da região, muito bom.",False
169,3,2023-07-11 23:43:19,1,51,1,7.24,3,"Para mim, demasiado alcoólico.",False
170,4,2024-08-14 21:39:36,2,87,6,4.58,3,Sabor a frutos negros e especiarias.,False
171,4,2025-08-20 10:22:52,1,87,2,4.05,4,"Gosto deste vinho, muito aromático.",False
172,5,2024-04-14 10:27:58,1,83,1,4.33,4,Textura muito agradável.,False
173,5,2025-02-04 06:22:37,1,18,1,8.42,1,Pouco complexo para o preço.,False
174,2,2024-12-05 17:03:54,1,31,5,12.27,2,Aroma mineral interessante.,False
175,3,2024-10-06 12:00:58,2,76,6,11.58,2,Boa expressão da casta local.,False
176,5,2024-07-29 14:21:29,2,79,4,19.0,3,"Não me agradou, demasiado tânico.",False
177,2,2024-07-24 15:14:23,2,57,2,9.13,3,Prefiro vinhos do Douro a este estilo.,False
178,2,2024-12-07 09:05:32,1,51,3,33.39,2,Prefiro vinhos do Douro a este estilo.,False
179,5,2024-06-02 02:07:21,1,83,6,7.11,1,"Não me agradou, demasiado tânico.",False
180,2,2025-05-10 22:21:50,1,73,2,104.39,1,Final agradável e persistente.,False
181,5,2025-07-14 19:48:21,1,30,3,15.85,2,Aroma a frutos vermelhos frescos.,False
182,5,2023-09-29 01:43:27,2,19,2,4.17,3,Aroma a frutos vermelhos frescos.,False
183,2,2024-01-05 14:43:59,1,17,1,3.44,3,Aroma a frutos vermelhos frescos.,False
184,4,2024-10-15 22:32:49,1,23,3,13.93,1,"Adoro vinhos do Alentejo, este é bom.",False
185,2,2025-07-11 05:28:24,1,61,4,7.38,3,Ideal para guardar mais alguns anos.,False
186,5,2025-10-20 13:41:13,2,65,2,17.16,1,Acho que este produtor está excelente este ano.,False
187,4,2024-09-15 21:22:35,2,83,1,13.82,1,Preferia um vinho mais acidez.,False
188,5,2023-05-06 12:05:14,1,63,6,8.45,4,Excelente equilíbrio e final longo.,False
189,4,2025-09-10 10:48:39,1,9,2,4.21,3,Muito elegante e refinado.,False
190,4,2025-02-24 08:18:36,2,77,5,3.0,3,Excelente relação qualidade/preço.,False
191,4,2024-12-02 11:11:14,1,90,1,6.04,2,Notas de baunilha e carvalho equilibradas.,False
192,4,2023-05-28 17:03:25,2,44,4,19.51,4,Notas de baunilha e carvalho equilibradas.,False
193,3,2023-08-26 02:47:29,2,41,6,10.94,3,Não sou fã desta safra em particular.,False
194,5,2023-05-31 00:10:58,1,12,1,3.0,1,Notas de baunilha e carvalho equilibradas.,False
195,4,2023-07-09 21:06:45,1,72,1,10.55,3,"Gosto, mas esperava mais corpo.",False
196,5,2025-07-21 16:54:38,2,86,4,12.77,1,Pouco complexo para o preço.,False
197,5,2025-10-17 04:54:14,2,14,5,4.07,2,"Adoro vinhos do Alentejo, este é bom.",False
198,3,2024-03-08 17:46:32,1,14,3,10.36,3,Prefiro vinhos do Douro a este estilo.,False
199,4,2025-10-18 21:43:32,2,72,5,9.51,1,Muito elegante e refinado.,False
200,5,2024-06-11 21:34:53,1,24,3,3.23,3,Textura muito agradável.,False
201,4,2023-08-09 09:28:13,1,24,2,12.45,4,Excelente equilíbrio e final longo.,False
202,5,2024-10-14 04:29:23,1,96,5,14.95,2,Aroma mineral interessante.,False
203,2,2024-05-18 21:52:14,2,21,3,23.92,3,Acho que este produtor está excelente este ano.,False
204,2,2023-05-07 17:34:47,1,20,2,23.3,1,"Gosto, mas esperava mais corpo.",False
205,3,2024-11-17 16:36:06,2,85,4,3.0,4,Muito elegante e refinado.,False
206,3,2024-10-29 20:20:31,2,28,5,3.88,1,Não sou fã desta safra em particular.,False
207,3,2025-11-02 08:30:16,2,87,6,14.35,4,Ideal para guardar mais alguns anos.,False
208,3,2023-11-14 13:26:47,1,29,4,14.33,1,"Gosto deste vinho, muito aromático.",False
209,3,2024-05-24 17:17:17,1,99,2,14.35,3,Pouco complexo para o preço.,False
210,4,2023-07-20 16:23:31,1,64,6,289.3,4,"Sabor frutado, a lembrar cereja.",False
211,4,2024-09-08 19:53:10,1,65,5,15.09,3,Excelente equilíbrio e final longo.,False
212,5,2024-05-01 07:44:46,2,3,4,25.08,1,"Um clássico da região, muito bom.",False
213,3,2023-06-28 21:58:28,2,91,6,21.3,4,Pouco complexo para o preço.,False
214,4,2024-07-16 02:50:46,1,42,2,16.22,4,Final agradável e persistente.,False
215,4,2024-09-14 01:51:04,2,14,2,6.8,4,Sabor a frutos negros e especiarias.,False
216,3,2024-06-01 09:41:53,2,40,6,17.87,3,Bom para dias de festa.,False
217,5,2025-03-03 04:23:27,1,66,6,4.5,1,Ideal para guardar mais alguns anos.,False
218,5,2023-06-09 16:49:50,2,45,6,7.29,2,Bom para dias de festa.,False
219,4,2025-10-15 07:08:50,2,26,2,5.83,2,Perfeito para acompanhar pratos mediterrânicos.,False
220,5,2025-05-25 17:34:55,1,99,6,9.72,4,Excelente relação qualidade/preço.,False
221,5,2023-04-17 01:53:46,2,81,3,72.47,2,Excelente relação qualidade/preço.,False
222,4,2023-03-29 06:14:54,2,81,3,3.0,3,Sabor a frutos negros e especiarias.,False
223,3,2023-03-30 09:00:53,1,40,4,16.74,4,"Não me agradou, demasiado tânico.",False
224,5,2025-07-11 20:54:03,2,10,6,3.0,1,Muito elegante e refinado.,False
225,5,2025-06-07 00:54:21,2,75,5,5.9,1,Excelente relação qualidade/preço.,False
226,4,2024-11-30 20:43:08,2,78,4,24.05,2,"Não me agradou, demasiado tânico.",False
227,2,2024-01-20 20:33:19,2,92,1,9.56,2,"Não me agradou, demasiado tânico.",False
228,3,2024-08-02 04:55:45,2,68,5,3.42,2,Não sou fã desta safra em particular.,False
229,5,2023-04-13 09:22:19,2,53,3,4.74,1,Funcionários pouco prestáveis.,False
230,2,2024-01-27 11:05:01,1,72,6,16.64,4,Pouco complexo para o preço.,False
231,2,2024-06-27 10:15:51,2,11,5,4.68,2,Textura muito agradável.,False
232,4,2025-05-18 06:07:30,2,17,5,10.97,1,Pouco complexo para o preço.,False
233,3,2025-11-07 12:24:46,2,17,6,9.4,1,Ótimo com queijos curados.,False
234,5,2023-11-29 17:40:52,2,3,3,5.02,3,"Sabor frutado, a lembrar cereja.",False
235,4,2023-04-30 20:55:22,2,25,2,62.15,2,"Adoro vinhos do Alentejo, este é bom.",False
236,2,2024-06-07 03:29:08,1,65,5,15.97,1,"Gosto, mas esperava mais corpo.",False
237,3,2025-08-28 12:00:47,2,20,2,3.0,2,Final agradável e persistente.,False
238,3,2024-01-04 23:46:03,2,6,4,10.67,3,"Gosto, mas esperava mais corpo.",False
239,5,2025-04-09 13:22:43,2,97,6,4.97,4,Bom para dias de festa.,False
240,3,2025-06-05 02:46:34,2,61,2,19.44,3,"Gosto, mas esperava mais corpo.",False
241,4,2025-03-30 09:07:34,2,99,3,4.42,4,Ideal para guardar mais alguns anos.,False
242,5,2024-01-24 08:47:43,1,26,5,8.14,2,"Um clássico da região, muito bom.",False
243,3,2025-03-12 10:29:45,2,48,5,14.22,1,Vinho leve e apetecível.,False
244,4,2025-03-08 11:10:38,2,11,2,19.67,3,Excelente relação qualidade/preço.,False
245,5,2024-06-27 01:28:34,2,12,2,3.06,4,Boa expressão da casta local.,False
246,2,2024-08-22 21:18:58,2,7,4,6.68,3,Bom para dias de festa.,False
247,3,2023-06-03 22:05:11,2,29,1,5.89,3,Textura muito agradável.,False
248,3,2025-01-03 22:23:47,1,18,1,5.01,3,Textura muito agradável.,False
249,3,2023-05-04 01:45:03,2,58,5,44.21,1,Boa expressão da casta local.,False
250,2,2024-03-23 13:12:19,2,28,2,12.99,4,Prefiro vinhos do Douro a este estilo.,False
251,5,2025-09-19 13:50:49,2,16,1,3.0,2,"Tiveram atenção ao detalhe, gostei.",False
252,4,2025-03-11 14:35:59,1,15,4,20.62,1,Ótimo com queijos curados.,False
253,2,2024-07-02 01:56:07,1,38,4,60.94,1,Muito elegante e refinado.,False
254,4,2024-07-14 04:16:57,2,24,6,22.86,1,Ideal para guardar mais alguns anos.,False
255,5,2024-08-23 23:58:51,1,50,4,3.0,1,Ótimo com queijos curados.,False
256,3,2023-04-15 22:48:10,2,96,1,5.84,3,Aroma a frutos vermelhos frescos.,False
257,2,2025-06-22 22:55:41,1,94,6,28.23,1,Perfeito para acompanhar pratos mediterrânicos.,False
258,4,2025-09-25 13:09:27,1,6,3,4.77,3,Final agradável e persistente.,False
259,2,2023-07-29 11:40:07,2,90,4,13.46,2,Aroma a frutos vermelhos frescos.,False
260,4,2023-11-06 20:46:27,2,5,3,18.12,2,"Não me agradou, demasiado tânico.",False
261,2,2025-04-23 13:39:06,2,40,5,3.92,4,Final agradável e persistente.,False
262,2,2024-07-08 12:57:42,2,5,6,8.55,2,Pouco complexo para o preço.,False
263,4,2024-09-13 09:53:33,2,35,1,3.0,3,Notas de baunilha e carvalho equilibradas.,False
264,4,2025-02-11 21:00:59,2,44,2,3.59,4,Vinho leve e apetecível.,False
265,2,2024-10-30 22:11:53,2,11,6,7.19,4,Excelente equilíbrio e final longo.,False
266,5,2025-10-23 16:51:16,2,42,1,3.0,1,Gosto especialmente de vinhos da Toscana.,False
267,4,2024-11-20 14:06:14,2,58,5,39.22,4,"Sabor frutado, a lembrar cereja.",False
268,4,2024-11-06 15:45:26,2,6,6,3.0,3,Muito elegante e refinado.,False
269,3,2025-03-08 01:13:59,1,10,6,6.07,4,Não sou fã desta safra em particular.,False
270,4,2023-07-16 02:11:47,1,19,5,10.15,4,"Não me agradou, demasiado tânico.",False
271,4,2024-08-17 17:50:47,1,100,6,33.02,3,Não sou fã desta safra em particular.,False
272,3,2024-11-20 15:15:22,1,87,4,3.0,3,Não sou fã desta safra em particular.,False
273,4,2025-10-06 01:22:46,1,68,3,25.71,4,Gosto especialmente de vinhos da Toscana.,False
274,5,2025-03-15 06:56:34,1,15,1,9.11,2,Preferia um vinho mais acidez.,False
275,2,2025-08-08 12:26:05,1,34,3,3.73,4,Muito bom para acompanhar carnes.,False
276,5,2023-04-26 00:51:36,2,26,1,13.68,2,"Um clássico da região, muito bom.",False
277,5,2024-05-11 11:05:44,1,92,4,10.8,1,Aroma a frutos vermelhos frescos.,False
278,2,2024-04-10 23:11:43,1,71,5,5.26,3,Boa expressão da casta local.,False
279,5,2023-11-09 05:05:28,1,47,5,9.61,2,Prefiro vinhos do Douro a este estilo.,False
280,2,2025-06-08 00:02:53,1,64,1,6.38,3,"Para mim, demasiado alcoólico.",False
281,4,2024-04-25 11:11:37,2,71,2,10.0,1,Excelente equilíbrio e final longo.,False
282,5,2023-04-25 13:37:33,2,68,4,16.38,4,Serviço pós-venda eficiente.,False
283,5,2025-03-14 16:34:45,2,83,1,37.62,4,Excelente relação qualidade/preço.,False
284,3,2023-07-20 10:41:50,1,100,5,3.0,2,Perfeito para acompanhar pratos mediterrânicos.,False
285,2,2023-09-13 18:51:39,1,16,5,61.54,2,Pouco complexo para o preço.,False
286,2,2024-03-17 06:05:18,2,91,2,3.0,3,Ideal para guardar mais alguns anos.,False
287,5,2025-08-28 22:31:21,2,26,6,7.87,3,"Adoro vinhos do Alentejo, este é bom.",False
288,2,2025-06-21 00:04:14,1,65,6,15.33,2,Sabor a frutos negros e especiarias.,False
289,4,2025-05-25 13:12:12,1,85,5,11.62,3,Final agradável e persistente.,False
290,2,2023-11-24 11:30:21,1,11,1,5.15,3,Ótimo com queijos curados.,False
291,4,2024-04-14 06:53:05,1,64,6,7.48,3,Ótimo com queijos curados.,False
292,2,2023-04-24 08:37:53,1,88,4,5.79,3,Excelente relação qualidade/preço.,False
293,5,2023-11-13 22:31:45,1,57,4,5.31,4,Excelente relação qualidade/preço.,False
294,4,2024-06-20 12:20:51,1,41,6,19.39,3,Acho que este produtor está excelente este ano.,False
295,2,2024-01-11 12:38:26,1,98,3,12.44,1,Gosto especialmente de vinhos da Toscana.,False
296,3,2023-05-31 09:24:00,1,35,4,4.84,2,"Adoro vinhos do Alentejo, este é bom.",False
297,4,2023-09-06 02:02:05,2,50,5,20.28,4,Bom para dias de festa.,False
298,2,2024-12-26 04:07:44,2,25,2,11.9,4,Ideal para guardar mais alguns anos.,False
299,2,2025-02-24 04:20:07,2,64,1,18.76,1,Aroma mineral interessante.,False
300,3,2023-03-20 12:16:58,1,28,5,15.91,3,"Não me agradou, demasiado tânico.",False
301,4,2025-04-13 17:16:53,2,77,6,4.28,4,Pouco complexo para o preço.,False
302,2,2024-07-22 05:10:43,1,56,2,5.45,3,Acho que este produtor está excelente este ano.,False
303,5,2025-05-22 18:03:03,2,6,4,17.68,1,Sabor a frutos negros e especiarias.,False
304,3,2025-02-22 08:00:31,2,71,3,15.63,1,Aroma mineral interessante.,False
305,3,2023-05-31 04:32:49,2,80,6,8.86,1,"Adoro vinhos do Alentejo, este é bom.",False
306,5,2023-08-13 02:40:37,2,44,5,10.03,3,Perfeito para acompanhar pratos mediterrânicos.,False
307,4,2023-08-01 21:05:10,2,65,1,28.5,1,"Não me agradou, demasiado tânico.",False
308,2,2025-03-11 19:26:48,2,67,4,5.3,2,Muito elegante e refinado.,False
309,2,2025-08-15 16:48:14,2,79,3,14.77,2,Aroma mineral interessante.,False
310,4,2025-05-24 11:20:15,2,65,5,7.52,4,Vinho leve e apetecível.,False
311,5,2023-06-20 06:21:18,2,3,3,7.42,3,"Gosto, mas esperava mais corpo.",False
312,4,2025-01-07 06:00:20,2,93,6,24.26,1,Muito elegante e refinado.,False
313,3,2025-03-25 08:47:52,1,93,1,18.97,4,"Sabor frutado, a lembrar cereja.",False
314,5,2023-06-20 17:12:07,1,88,2,18.77,1,Sabor a frutos negros e especiarias.,False
315,3,2024-10-03 12:16:07,1,57,3,29.22,4,"Adoro vinhos do Alentejo, este é bom.",False
316,5,2023-04-07 18:00:52,2,65,5,9.2,4,"Um clássico da região, muito bom.",False
317,5,2024-08-08 09:02:45,1,72,3,16.67,4,Ideal para guardar mais alguns anos.,False
318,2,2024-07-04 08:46:34,1,59,5,6.83,3,"Para mim, demasiado alcoólico.",False
319,5,2024-04-08 16:51:19,2,25,2,12.08,3,"Para mim, demasiado alcoólico.",False
320,3,2025-01-29 15:21:22,2,99,3,8.03,2,Vinho leve e apetecível.,False
321,4,2023-07-09 07:47:45,2,45,5,9.85,3,Pouco complexo para o preço.,False
322,2,2024-03-22 19:38:10,2,45,2,15.42,3,"Não me agradou, demasiado tânico.",False
323,5,2025-01-14 05:22:10,2,57,6,4.32,3,Acho que este produtor está excelente este ano.,False
324,3,2023-06-19 16:15:43,1,69,3,59.33,3,"Adoro vinhos do Alentejo, este é bom.",False
325,5,2023-12-28 16:46:34,1,7,6,3.65,2,Ótimo com queijos curados.,False
326,3,2023-08-02 13:08:33,1,53,3,3.03,4,Prefiro vinhos do Douro a este estilo.,False
327,3,2025-10-07 13:50:25,1,53,6,25.59,4,Preferia um vinho mais acidez.,False
328,3,2023-05-19 23:20:14,2,42,3,18.4,1,Textura muito agradável.,False
329,5,2023-02-26 10:50:51,1,23,4,15.83,2,Textura muito agradável.,False
330,5,2023-02-28 04:50:25,2,24,6,15.89,3,Boa expressão da casta local.,False
331,3,2024-06-04 11:16:31,2,73,5,8.93,1,Textura muito agradável.,False
332,5,2023-07-28 11:20:11,2,83,5,4.02,4,Boa expressão da casta local.,False
333,2,2024-12-13 21:34:17,2,25,1,9.66,3,"Sabor frutado, a lembrar cereja.",False
334,3,2024-04-03 07:18:05,1,2,6,4.91,3,Aroma a frutos vermelhos frescos.,False
335,3,2024-10-26 09:55:58,1,79,6,21.71,4,Final agradável e persistente.,False
336,3,2023-08-07 10:23:26,1,52,6,7.91,1,"Sabor frutado, a lembrar cereja.",False
337,2,2024-01-01 20:52:07,2,32,1,4.29,3,Aroma mineral interessante.,False
338,2,2025-10-12 11:04:56,2,43,3,6.76,1,"Textura sedosa, recomendo.",False
339,4,2024-04-21 14:34:10,1,8,6,13.09,1,Excelente relação qualidade/preço.,False
340,3,2023-07-02 09:34:34,2,88,5,5.43,3,Vinho leve e apetecível.,False
341,5,2025-01-12 19:54:48,2,79,2,4.31,2,"Adoro vinhos do Alentejo, este é bom.",False
342,2,2025-05-03 04:56:47,2,96,5,11.24,3,Notas de baunilha e carvalho equilibradas.,False
343,3,2024-11-24 23:58:18,1,98,2,11.25,1,Ideal para guardar mais alguns anos.,False
344,5,2025-04-30 17:50:37,1,73,1,5.72,1,Final agradável e persistente.,False
345,4,2023-11-16 01:55:20,1,22,3,5.91,4,Prefiro vinhos do Douro a este estilo.,False
346,4,2023-07-24 23:14:29,1,66,4,11.12,1,Excelente relação qualidade/preço.,False
347,4,2024-04-23 17:23:38,2,73,1,3.0,4,"Gosto, mas esperava mais corpo.",False
348,2,2023-04-24 10:44:17,2,33,1,3.0,2,Sabor a frutos negros e especiarias.,False
349,2,2023-04-04 14:29:33,2,45,6,4.73,1,"Para mim, demasiado alcoólico.",False
350,4,2023-07-30 09:09:14,2,5,3,7.45,4,"Sabor frutado, a lembrar cereja.",False
351,3,2023-05-05 15:56:11,2,49,4,11.94,4,Aroma mineral interessante.,False
352,5,2023-07-17 19:50:36,2,16,2,34.05,4,Ideal para guardar mais alguns anos.,False
353,5,2025-11-12 05:53:40,1,97,1,19.53,3,Excelente relação qualidade/preço.,False
354,3,2023-08-29 23:20:38,2,30,2,7.82,4,Não sou fã desta safra em particular.,False
355,5,2025-10-22 13:57:13,1,93,1,8.87,1,Aroma a frutos vermelhos frescos.,False
356,5,2025-07-11 15:50:34,1,31,2,3.66,1,Prefiro vinhos do Douro a este estilo.,False
357,2,2023-03-10 17:15:53,2,77,6,8.88,1,Bom para dias de festa.,False
358,2,2023-03-29 16:23:10,2,30,5,6.96,2,Perfeito para acompanhar pratos mediterrânicos.,False
359,4,2025-07-17 19:59:11,2,30,6,12.07,3,Sabor a frutos negros e especiarias.,False
360,3,2024-04-11 19:29:15,1,39,2,4.29,2,Notas de baunilha e carvalho equilibradas.,False
361,5,2024-10-25 15:11:31,1,72,5,14.4,2,Ótimo com queijos curados.,False
362,2,2025-03-25 17:24:00,1,45,6,35.85,4,Aroma a frutos vermelhos frescos.,False
363,3,2023-10-13 15:30:18,2,53,2,8.18,3,Aroma mineral interessante.,False
364,3,2024-12-20 06:49:44,1,29,3,12.96,2,Aroma a frutos vermelhos frescos.,False
365,3,2024-01-13 06:25:18,2,54,5,16.8,2,Aroma mineral interessante.,False
366,4,2024-11-29 17:16:05,1,43,6,6.29,1,Textura muito agradável.,False
367,3,2024-02-22 00:58:24,1,69,6,11.04,2,"Não me agradou, demasiado tânico.",False
368,4,2023-11-21 11:56:58,1,10,2,9.13,2,Preferia um vinho mais acidez.,False
369,2,2023-07-02 05:51:53,2,2,2,9.85,2,Acho que este produtor está excelente este ano.,False
370,4,2024-01-07 18:54:17,1,90,5,4.5,2,Aroma mineral interessante.,False
371,4,2024-02-11 07:43:27,2,49,4,9.23,3,Pouco complexo para o preço.,False
372,2,2024-05-12 11:09:43,2,60,1,14.13,4,Perfeito para acompanhar pratos mediterrânicos.,False
373,2,2023-12-10 17:41:46,2,41,4,33.32,1,Sabor a frutos negros e especiarias.,False
374,5,2023-08-25 18:18:33,1,34,5,21.4,4,Pouco complexo para o preço.,False
375,4,2025-05-05 09:26:29,2,30,4,62.67,2,Preferia um vinho mais acidez.,False
376,4,2023-09-19 08:12:17,2,98,4,4.52,4,Excelente relação qualidade/preço.,False
377,3,2025-04-22 04:19:36,1,18,6,19.79,4,"Sabor frutado, a lembrar cereja.",False
378,2,2023-01-10 22:00:22,1,10,6,10.64,1,Perfeito para acompanhar pratos mediterrânicos.,False
379,5,2023-08-23 14:47:36,1,81,2,64.77,1,Vinho leve e apetecível.,False
380,4,2025-08-17 18:34:01,1,65,4,4.36,3,"Não me agradou, demasiado tânico.",False
381,4,2023-01-26 23:35:45,2,3,1,4.24,4,"Gosto deste vinho, muito aromático.",False
382,2,2023-10-06 11:33:08,2,3,5,5.26,4,Aroma a frutos vermelhos frescos.,False
383,3,2025-08-20 19:06:16,1,68,2,3.0,2,Muito bom para acompanhar carnes.,False
384,4,2024-09-22 17:47:56,2,35,4,5.62,1,Não sou fã desta safra em particular.,False
385,4,2023-05-06 05:36:59,1,90,2,4.56,3,"Gosto, mas esperava mais corpo.",False
386,4,2025-01-09 10:45:23,1,52,4,10.33,4,"Para mim, demasiado alcoólico.",False
387,3,2024-11-05 01:19:27,1,90,2,12.28,1,Preferia um vinho mais acidez.,False
388,2,2025-05-30 11:14:40,1,68,1,48.84,2,Muito bom para acompanhar carnes.,False
389,2,2025-04-23 13:39:06,2,6,1,21.23,3,Boa expressão da casta local.,False
390,4,2023-08-12 23:51:03,1,41,1,5.37,2,Sabor a frutos negros e especiarias.,False
391,5,2024-08-27 12:48:35,1,39,2,4.02,2,Sabor a frutos negros e especiarias.,False
392,5,2023-05-02 19:59:46,2,97,6,14.05,2,Aroma a frutos vermelhos frescos.,False
393,5,2023-04-29 02:09:56,1,13,4,3.0,2,Final agradável e persistente.,False
394,2,2024-02-29 14:22:12,2,100,3,46.91,1,Ótimo com queijos curados.,False
395,4,2023-10-16 12:48:31,2,30,3,26.09,4,Notas de baunilha e carvalho equilibradas.,False
396,2,2024-01-18 20:18:49,1,99,5,5.92,3,Aroma a frutos vermelhos frescos.,False
397,3,2025-09-11 17:32:16,1,35,2,3.0,4,Vinho leve e apetecível.,False
398,4,2023-01-09 01:41:30,2,41,3,30.52,1,Excelente equilíbrio e final longo.,False
399,3,2023-05-16 14:40:36,2,47,3,8.14,1,"Adoro vinhos do Alentejo, este é bom.",False
400,2,2023-02-10 19:06:53,2,58,5,27.5,4,Prefiro vinhos do Douro a este estilo.,False
401,5,2024-08-21 10:42:38,2,71,1,3.0,3,"Um clássico da região, muito bom.",False
402,5,2025-05-19 05:02:03,2,53,4,5.26,1,Acho que este produtor está excelente este ano.,False
403,5,2024-02-22 18:01:32,1,88,4,9.07,2,"Adoro vinhos do Alentejo, este é bom.",False
404,2,2024-11-06 05:54:21,2,64,2,9.41,1,"Sabor frutado, a lembrar cereja.",False
405,5,2024-01-27 00:02:46,2,39,4,6.02,1,Não sou fã desta safra em particular.,False
406,2,2023-06-16 04:13:08,2,77,5,15.81,2,Excelente relação qualidade/preço.,False
407,5,2025-08-21 10:26:26,2,1,4,3.45,3,Final agradável e persistente.,False
408,3,2025-10-08 08:24:47,2,57,3,7.94,4,Final agradável e persistente.,False
409,4,2024-05-03 01:36:06,2,42,5,10.06,2,Preferia um vinho mais acidez.,False
410,3,2024-01-12 14:13:58,2,41,3,14.34,4,Sabor a frutos negros e especiarias.,False
411,2,2025-05-25 21:52:14,2,36,4,17.12,3,Prefiro vinhos do Douro a este estilo.,False
412,4,2024-12-18 02:31:25,1,88,5,3.28,1,Acho que este produtor está excelente este ano.,False
413,3,2024-09-27 13:54:14,2,38,6,3.0,1,Final agradável e persistente.,False
414,4,2025-10-20 04:44:07,1,82,3,28.5,2,"Textura sedosa, recomendo.",False
415,4,2025-01-14 11:09:52,2,49,1,12.17,4,Muito elegante e refinado.,False
416,4,2025-04-14 01:18:21,2,70,1,4.6,3,Vinho leve e apetecível.,False
417,5,2025-10-02 01:54:09,1,99,2,36.45,3,"Sabor frutado, a lembrar cereja.",False
418,5,2023-01-17 09:14:58,2,97,3,10.02,4,Prefiro vinhos do Douro a este estilo.,False
419,5,2024-08-04 04:11:18,2,29,5,26.09,2,Excelente relação qualidade/preço.,False
420,5,2023-02-08 03:45:43,2,99,6,9.59,2,Não sou fã desta safra em particular.,False
421,3,2023-08-09 02:02:00,1,38,4,57.67,1,Prefiro vinhos do Douro a este estilo.,False
422,5,2025-01-20 04:47:10,2,44,4,43.81,2,Ideal para guardar mais alguns anos.,False
423,3,2023-04-15 08:26:27,2,13,4,7.21,4,Gosto especialmente de vinhos da Toscana.,False
424,3,2024-06-16 22:52:22,1,91,1,21.64,1,"Um clássico da região, muito bom.",False
425,3,2023-09-06 18:17:31,1,95,2,16.13,2,"Para mim, demasiado alcoólico.",False
426,2,2023-10-14 12:51:38,2,60,2,30.93,4,Ótimo com queijos curados.,False
427,2,2025-07-08 22:56:02,2,51,1,3.79,2,Excelente relação qualidade/preço.,False
428,3,2024-03-08 09:26:50,2,1,6,16.73,2,Muito bom para acompanhar carnes.,False
429,5,2023-11-03 03:27:41,1,69,2,23.4,3,Gosto especialmente de vinhos da Toscana.,False
430,2,2025-09-19 19:41:42,1,34,6,3.0,4,Ideal para guardar mais alguns anos.,False
431,5,2024-06-30 18:56:56,2,79,4,3.11,1,Não sou fã desta safra em particular.,False
432,2,2025-08-12 13:38:35,1,87,6,3.0,3,Textura muito agradável.,False
433,2,2023-07-01 16:10:16,1,41,1,7.08,2,Pouco complexo para o preço.,False
434,2,2025-07-15 12:21:58,2,89,2,17.22,4,Notas de baunilha e carvalho equilibradas.,False
435,5,2025-04-14 18:57:04,2,55,2,34.89,4,Ótimo com queijos curados.,False
436,5,2024-05-03 16:23:34,1,63,3,9.65,2,"Sabor frutado, a lembrar cereja.",False
437,3,2023-10-31 02:55:02,1,46,1,39.09,4,"Adoro vinhos do Alentejo, este é bom.",False
438,4,2024-11-20 11:59:32,2,53,6,3.0,4,Notas de baunilha e carvalho equilibradas.,False
439,2,2023-12-09 13:56:09,1,11,5,3.0,1,Aroma a frutos vermelhos frescos.,False
440,4,2024-12-11 10:10:37,1,36,2,8.58,3,"Sabor frutado, a lembrar cereja.",False
441,5,2025-04-23 16:27:57,1,74,1,12.75,3,Perfeito para acompanhar pratos mediterrânicos.,False
442,2,2023-12-06 11:50:01,1,98,6,8.76,4,"Para mim, demasiado alcoólico.",False
443,4,2023-02-20 01:38:10,1,95,6,3.0,2,Pouco complexo para o preço.,False
444,3,2023-07-02 08:28:05,2,45,1,8.33,4,"Um clássico da região, muito bom.",False
445,3,2025-08-06 00:12:32,1,95,5,3.0,3,"Um clássico da região, muito bom.",False
446,4,2023-11-18 11:23:01,1,79,2,16.49,2,Final agradável e persistente.,False
447,5,2024-03-30 14:12:44,2,69,3,12.55,2,Gosto especialmente de vinhos da Toscana.,False
448,2,2024-10-01 09:25:09,2,66,6,3.87,1,"Adoro vinhos do Alentejo, este é bom.",False
449,4,2023-08-16 04:21:02,2,84,2,5.68,2,Bom para dias de festa.,False
450,2,2023-08-09 20:32:33,1,98,6,3.48,4,Preferia um vinho mais acidez.,False
451,5,2023-05-25 14:49:30,2,49,4,8.53,1,Ótimo com queijos curados.,False
452,3,2024-05-23 10:13:43,2,89,3,21.32,4,Preferia um vinho mais acidez.,False
453,2,2023-04-09 09:08:20,1,94,4,3.72,3,"Um clássico da região, muito bom.",False
454,2,2024-05-16 13:17:06,1,55,2,14.21,4,"Textura sedosa, recomendo.",False
455,3,2025-01-23 22:42:30,2,71,5,5.6,2,Sabor a frutos negros e especiarias.,False
456,4,2023-07-12 23:53:51,1,6,1,4.42,4,"Gosto deste vinho, muito aromático.",False
457,3,2023-07-24 22:04:34,2,59,1,8.2,4,Muito bom para acompanhar carnes.,False
458,2,2023-05-09 00:51:36,1,36,1,3.55,3,"Textura sedosa, recomendo.",False
459,4,2023-12-30 17:30:54,1,7,4,5.48,3,Acho que este produtor está excelente este ano.,False
460,2,2025-01-10 16:38:33,1,91,1,3.07,1,Muito bom para acompanhar carnes.,False
461,4,2023-01-13 12:35:39,1,76,2,52.89,4,"Gosto deste vinho, muito aromático.",False
462,4,2023-04-21 00:40:14,1,55,6,9.32,2,Preferia um vinho mais acidez.,False
463,2,2024-05-01 18:35:23,2,12,6,4.81,1,Prefiro vinhos do Douro a este estilo.,False
464,4,2025-11-17 21:30:00,2,18,4,10.94,2,Ótimo com queijos curados.,False
465,3,2025-10-06 18:30:36,1,68,5,8.16,1,Muito elegante e refinado.,False
466,2,2023-08-24 03:38:11,2,45,6,7.4,2,Ótimo com queijos curados.,False
467,4,2023-07-11 07:38:02,2,28,1,15.69,1,"Adoro vinhos do Alentejo, este é bom.",False
468,3,2024-03-06 06:06:09,2,55,3,17.85,2,Bom para dias de festa.,False
469,5,2023-02-11 16:05:10,1,71,5,5.6,3,Perfeito para acompanhar pratos mediterrânicos.,False
470,4,2024-08-31 13:32:11,1,67,5,5.38,2,Acho que este produtor está excelente este ano.,False
471,4,2024-01-10 12:10:45,1,31,4,7.05,4,Prefiro vinhos do Douro a este estilo.,False
472,4,2024-05-06 14:57:20,1,68,1,3.0,3,Textura muito agradável.,False
473,2,2023-09-26 09:20:38,2,73,4,3.0,3,"Para mim, demasiado alcoólico.",False
474,4,2024-02-12 06:58:32,1,3,5,30.88,1,"Gosto deste vinho, muito aromático.",False
475,5,2025-02-17 08:27:33,1,8,4,39.67,3,Ótimo com queijos curados.,False
476,2,2025-04-13 12:35:10,2,90,4,7.21,1,Ótimo com queijos curados.,False
477,4,2023-11-12 15:45:05,2,11,3,15.16,1,Ideal para guardar mais alguns anos.,False
478,4,2024-11-10 14:39:42,2,51,5,11.94,1,Pouco complexo para o preço.,False
479,4,2024-12-05 06:55:38,1,32,1,144.17,4,Prefiro vinhos do Douro a este estilo.,False
480,4,2023-01-20 16:11:03,2,86,6,24.72,2,Prefiro vinhos do Douro a este estilo.,False
481,5,2025-03-14 11:27:54,1,21,4,8.04,3,Ideal para guardar mais alguns anos.,False
482,4,2023-07-03 09:28:24,1,48,2,3.82,3,Acho que este produtor está excelente este ano.,False
483,4,2025-06-14 19:07:57,2,55,3,3.0,1,"Textura sedosa, recomendo.",False
484,2,2025-02-15 02:48:39,2,59,5,10.84,3,"Não me agradou, demasiado tânico.",False
485,4,2025-06-10 13:00:05,2,21,3,4.57,1,Boa expressão da casta local.,False
486,3,2023-01-20 02:07:57,1,95,5,3.0,1,"Não me agradou, demasiado tânico.",False
487,3,2023-08-22 03:33:43,1,61,3,5.04,4,Textura muito agradável.,False
488,3,2024-05-14 21:38:55,1,71,6,3.41,4,Bom para dias de festa.,False
489,5,2023-05-01 23:50:25,2,93,3,41.2,3,Final agradável e persistente.,False
490,2,2023-12-13 16:56:31,1,65,6,19.95,1,"Sabor frutado, a lembrar cereja.",False
491,4,2024-04-27 15:39:09,2,9,4,8.96,3,Perfeito para acompanhar pratos mediterrânicos.,False
492,3,2023-11-08 17:33:46,1,71,4,34.19,1,Não sou fã desta safra em particular.,False
493,2,2024-07-26 02:14:09,2,95,5,9.68,2,Excelente relação qualidade/preço.,False
494,3,2023-01-10 21:47:04,1,94,5,4.16,2,"Adoro vinhos do Alentejo, este é bom.",False
495,2,2023-01-15 21:43:14,1,30,5,35.55,3,Ótimo com queijos curados.,False
496,2,2024-04-22 16:49:39,1,98,6,14.66,4,"Um clássico da região, muito bom.",False
497,2,2023-04-04 01:03:00,1,68,2,3.55,4,Preferia um vinho mais acidez.,False
498,2,2025-03-18 10:01:41,2,12,1,7.6,2,Boa expressão da casta local.,False
499,5,2023-05-29 11:22:08,2,59,6,4.1,1,Sabor a frutos negros e especiarias.,False
500,3,2025-10-26 01:41:58,2,10,5,3.0,1,Notas de baunilha e carvalho equilibradas.,False
501,4,2024-09-02 10:20:14,1,38,3,20.77,3,Textura muito agradável.,False
502,2,2023-11-11 21:40:28,2,58,3,50.32,2,Excelente equilíbrio e final longo.,False
503,5,2024-12-24 23:47:38,1,20,1,3.0,2,Excelente relação qualidade/preço.,False
504,3,2023-11-19 13:14:22,2,16,5,14.98,3,Perfeito para acompanhar pratos mediterrânicos.,False
505,3,2023-09-02 20:19:37,2,60,3,5.02,1,Excelente equilíbrio e final longo.,False
506,4,2024-01-21 14:16:01,1,28,3,5.82,2,Excelente equilíbrio e final longo.,False
507,3,2023-09-28 02:15:32,2,66,1,5.3,3,"Textura sedosa, recomendo.",False
508,3,2024-12-18 18:13:15,2,58,5,4.15,2,Prefiro vinhos do Douro a este estilo.,False
509,4,2023-12-12 07:30:08,1,16,1,9.43,1,Final agradável e persistente.,False
510,2,2025-06-29 12:05:27,1,52,3,4.27,1,Sabor a frutos negros e especiarias.,False
511,4,2025-09-30 12:08:13,1,3,1,11.51,2,Boa expressão da casta local.,False
512,4,2024-12-17 03:08:11,1,12,3,8.63,1,"Não me agradou, demasiado tânico.",False
513,2,2023-02-15 19:10:46,1,74,4,7.28,4,Preferia um vinho mais acidez.,False
514,4,2023-10-18 17:29:57,2,23,3,3.99,2,Textura muito agradável.,False
515,5,2025-08-19 20:34:29,2,58,2,5.37,1,Muito elegante e refinado.,False
516,4,2023-05-17 06:29:47,2,64,4,17.81,4,"Não me agradou, demasiado tânico.",False
517,4,2025-03-27 19:46:08,2,18,4,14.17,2,Ótimo com queijos curados.,False
518,4,2025-04-25 21:05:42,1,49,6,3.74,3,Preferia um vinho mais acidez.,False
519,2,2024-02-25 02:34:23,2,73,5,9.87,3,Aroma mineral interessante.,False
520,3,2024-03-12 09:55:44,1,41,5,17.75,2,"Gosto deste vinho, muito aromático.",False
521,2,2023-06-05 13:16:43,2,68,3,3.0,2,"Sabor frutado, a lembrar cereja.",False
522,4,2023-12-07 20:15:24,1,35,5,14.72,1,Perfeito para acompanhar pratos mediterrânicos.,False
523,5,2024-05-09 00:03:43,2,23,2,4.97,2,Sabor a frutos negros e especiarias.,False
524,2,2025-05-25 12:46:22,1,91,6,15.08,3,Sabor a frutos negros e especiarias.,False
525,5,2025-01-31 20:47:42,1,64,5,4.54,3,"Sabor frutado, a lembrar cereja.",False
526,2,2025-03-28 19:25:23,1,8,2,3.0,2,"Gosto deste vinho, muito aromático.",False
527,5,2023-07-22 17:00:10,1,43,5,3.0,2,Aroma a frutos vermelhos frescos.,False
528,3,2025-06-30 06:22:30,1,42,1,9.42,1,"Adoro vinhos do Alentejo, este é bom.",False
529,5,2025-10-25 14:21:06,1,68,3,11.4,1,Não sou fã desta safra em particular.,False
530,3,2023-09-02 16:10:13,1,44,3,4.0,3,"Adoro vinhos do Alentejo, este é bom.",False
531,3,2025-05-23 00:01:57,2,84,3,16.03,2,Vinho leve e apetecível.,False
532,4,2024-04-21 15:11:56,1,86,5,3.0,2,Aroma mineral interessante.,False
533,4,2025-06-08 20:49:44,1,23,6,8.5,1,Vinho leve e apetecível.,False
534,5,2025-08-07 17:56:29,1,24,5,3.03,3,Textura muito agradável.,False
535,4,2023-05-01 20:50:30,1,64,2,5.02,3,Acho que este produtor está excelente este ano.,False
536,5,2025-11-06 20:19:35,2,41,2,9.42,1,Final agradável e persistente.,False
537,4,2023-04-16 07:34:21,2,2,3,4.16,2,Bom para dias de festa.,False
538,5,2024-08-22 12:46:40,2,14,6,6.38,1,"Não me agradou, demasiado tânico.",False
539,4,2024-08-11 07:25:41,2,22,4,22.32,4,Boa expressão da casta local.,False
540,4,2024-12-02 01:12:52,2,13,4,5.37,2,"Sabor frutado, a lembrar cereja.",False
541,2,2023-06-12 16:25:58,1,38,1,19.15,3,"Textura sedosa, recomendo.",False
542,3,2023-04-27 12:17:34,2,22,4,3.27,2,Acho que este produtor está excelente este ano.,False
543,3,2023-02-18 03:30:37,2,77,5,14.54,4,Vinho leve e apetecível.,False
544,3,2023-06-07 07:09:53,1,78,4,33.03,2,"Não me agradou, demasiado tânico.",False
545,5,2024-03-13 07:56:27,1,25,4,3.0,3,"Gosto, mas esperava mais corpo.",False
546,3,2025-05-03 20:54:29,1,13,1,4.41,4,Sabor a frutos negros e especiarias.,False
547,4,2023-05-17 03:01:19,1,7,3,15.17,1,Notas de baunilha e carvalho equilibradas.,False
548,5,2023-09-23 09:05:08,2,26,1,7.52,1,Muito bom para acompanhar carnes.,False
549,5,2024-09-09 10:39:24,1,61,1,12.6,3,Aroma a frutos vermelhos frescos.,False
550,3,2025-04-25 06:29:19,2,85,3,5.24,1,Ótimo com queijos curados.,False
551,3,2024-11-23 11:42:24,1,48,4,9.76,3,"Sabor frutado, a lembrar cereja.",False
552,4,2024-02-22 04:43:00,2,57,4,7.85,3,Bom para dias de festa.,False
553,3,2025-11-03 22:06:30,1,97,6,25.82,1,Excelente equilíbrio e final longo.,False
554,2,2023-04-05 17:38:19,2,97,5,11.35,2,"Para mim, demasiado alcoólico.",False
555,5,2024-01-02 01:22:16,2,69,6,12.23,4,Sabor a frutos negros e especiarias.,False
556,5,2025-06-06 08:37:21,2,11,4,6.23,1,Ideal para guardar mais alguns anos.,False
557,3,2023-11-26 03:50:15,1,97,4,5.82,2,"Sabor frutado, a lembrar cereja.",False
558,4,2024-11-07 08:38:12,1,6,4,6.11,1,"Gosto, mas esperava mais corpo.",False
559,2,2023-04-15 02:23:12,1,77,3,12.87,3,Textura muito agradável.,False
560,2,2024-03-05 01:30:46,2,72,4,6.18,3,"Um clássico da região, muito bom.",False
561,4,2024-10-05 19:31:57,1,90,5,11.71,4,Prefiro vinhos do Douro a este estilo.,False
562,4,2023-06-14 02:21:05,1,73,5,58.43,1,Textura muito agradável.,False
563,2,2024-08-18 00:53:44,2,69,3,19.77,4,"Textura sedosa, recomendo.",False
564,4,2023-08-12 11:12:58,2,5,2,6.73,3,Aroma mineral interessante.,False
565,2,2025-01-08 05:25:05,1,51,3,26.6,2,"Não me agradou, demasiado tânico.",False
566,4,2024-03-11 12:04:50,2,3,3,6.25,3,Pouco complexo para o preço.,False
567,2,2024-11-19 08:21:39,1,30,2,3.0,3,Acho que este produtor está excelente este ano.,False
568,4,2024-11-17 04:23:18,2,94,4,3.64,1,Muito bom para acompanhar carnes.,False
569,2,2023-03-29 07:30:17,2,95,4,3.0,3,Final agradável e persistente.,False
570,5,2025-03-25 10:48:24,1,40,6,6.58,4,"Adoro vinhos do Alentejo, este é bom.",False
571,2,2023-02-21 08:58:40,1,25,2,9.18,1,Bom para dias de festa.,False
572,2,2024-07-26 05:09:18,1,47,6,40.8,2,"Textura sedosa, recomendo.",False
573,2,2024-08-01 14:34:02,2,82,1,12.11,1,Bom para dias de festa.,False
574,5,2023-09-12 00:13:45,2,23,4,7.41,3,Não sou fã desta safra em particular.,False
575,2,2023-09-11 01:37:41,1,37,1,19.04,4,"Não me agradou, demasiado tânico.",False
576,5,2025-10-09 04:56:11,1,83,2,3.0,2,"Textura sedosa, recomendo.",False
577,3,2023-07-25 13:01:36,1,100,6,11.16,1,Preferia um vinho mais acidez.,False
578,4,2025-09-25 11:05:44,1,29,3,18.06,3,Vinho leve e apetecível.,False
579,2,2023-12-05 23:25:23,2,49,3,3.0,4,"Textura sedosa, recomendo.",False
580,4,2023-06-08 22:28:18,2,87,5,25.26,4,Sabor a frutos negros e especiarias.,False
581,2,2023-06-17 22:25:44,2,72,6,12.24,3,Pouco complexo para o preço.,False
582,4,2024-03-06 03:01:06,1,44,3,6.21,3,"Um clássico da região, muito bom.",False
583,3,2023-03-30 04:42:47,2,25,2,15.95,2,Boa expressão da casta local.,False
584,4,2025-02-11 15:24:10,2,88,2,69.66,1,Ótimo com queijos curados.,False
585,4,2023-02-24 20:47:16,2,54,4,10.63,4,Acho que este produtor está excelente este ano.,False
586,5,2025-04-10 12:38:28,2,93,6,11.28,2,"Gosto, mas esperava mais corpo.",False
587,4,2025-10-18 13:39:08,2,65,3,5.97,2,Final agradável e persistente.,False
588,2,2024-02-06 19:14:23,2,13,4,4.2,2,Acho que este produtor está excelente este ano.,False
589,4,2023-12-13 22:16:06,2,84,1,19.05,2,Não sou fã desta safra em particular.,False
590,2,2024-04-01 19:01:13,2,43,3,4.18,3,Sabor a frutos negros e especiarias.,False
591,2,2023-10-30 05:07:07,1,61,1,9.63,1,Preferia um vinho mais acidez.,False
592,4,2023-08-23 05:25:41,2,68,3,5.87,4,"Não me agradou, demasiado tânico.",False
593,3,2024-05-06 11:37:48,1,44,4,13.89,4,"Adoro vinhos do Alentejo, este é bom.",False
594,2,2025-09-12 15:50:10,1,63,3,12.19,2,Gosto especialmente de vinhos da Toscana.,False
595,2,2023-09-19 22:04:41,1,58,3,22.96,2,Perfeito para acompanhar pratos mediterrânicos.,False
596,5,2024-11-04 17:56:00,2,98,1,5.7,2,Muito elegante e refinado.,False
597,3,2023-02-28 14:30:06,2,55,4,7.08,4,"Gosto deste vinho, muito aromático.",False
598,2,2025-11-17 06:59:58,2,2,3,3.74,2,"Gosto deste vinho, muito aromático.",False
599,3,2023-07-20 06:53:19,1,29,6,6.05,3,Pouco complexo para o preço.,False
600,2,2023-04-12 10:04:35,2,65,5,12.67,3,"Sabor frutado, a lembrar cereja.",False
601,5,2023-07-27 20:01:53,2,38,4,17.84,3,Notas de baunilha e carvalho equilibradas.,False
602,2,2024-09-18 15:31:50,2,46,2,3.94,2,Textura muito agradável.,False
603,2,2023-02-04 00:59:09,1,29,6,19.74,2,Muito bom para acompanhar carnes.,False
604,5,2025-09-21 16:54:01,1,47,6,30.57,1,Aroma mineral interessante.,False
605,4,2023-01-31 16:01:35,1,77,1,13.09,1,Ótimo com queijos curados.,False
606,4,2025-04-30 04:09:58,1,54,4,48.87,4,Prefiro vinhos do Douro a este estilo.,False
607,5,2025-09-06 03:42:36,2,90,2,4.5,2,Vinho leve e apetecível.,False
608,5,2025-03-19 06:32:03,2,54,6,3.0,1,"Gosto, mas esperava mais corpo.",False
609,3,2023-06-27 02:41:45,1,54,1,3.0,1,Pouco complexo para o preço.,False
610,4,2024-02-13 13:07:25,2,26,5,34.69,2,Perfeito para acompanhar pratos mediterrânicos.,False
611,2,2023-03-03 05:09:04,2,91,4,16.26,3,"Sabor frutado, a lembrar cereja.",False
612,3,2023-01-05 06:04:48,1,89,4,8.58,3,Bom para dias de festa.,False
613,5,2023-05-20 22:31:31,1,15,5,11.61,4,"Adoro vinhos do Alentejo, este é bom.",False
614,3,2024-04-04 20:30:24,1,33,6,3.28,2,Excelente relação qualidade/preço.,False
615,4,2023-03-03 06:35:53,2,7,1,81.55,2,"Um clássico da região, muito bom.",False
616,5,2023-06-30 01:06:16,2,87,3,10.14,4,Acho que este produtor está excelente este ano.,False
617,4,2024-07-09 09:35:15,1,2,2,9.96,2,Gosto especialmente de vinhos da Toscana.,False
618,3,2024-06-16 09:37:45,2,94,1,17.34,3,Final agradável e persistente.,False
619,2,2024-08-22 04:30:56,1,52,4,13.91,4,"Textura sedosa, recomendo.",False
620,5,2023-04-02 02:29:45,2,84,2,11.04,1,"Adoro vinhos do Alentejo, este é bom.",False
621,3,2025-06-02 19:44:54,1,54,5,4.43,4,Aroma a frutos vermelhos frescos.,False
622,3,2023-02-14 18:20:48,1,79,4,13.8,3,Muito elegante e refinado.,False
623,4,2023-03-13 09:58:21,2,63,1,49.1,4,Excelente relação qualidade/preço.,False
624,4,2025-03-26 06:37:47,2,84,3,30.29,1,Vinho leve e apetecível.,False
625,5,2025-10-24 22:27:30,2,67,5,37.86,1,Notas de baunilha e carvalho equilibradas.,False
626,5,2025-05-17 08:34:54,2,45,6,5.7,4,"Adoro vinhos do Alentejo, este é bom.",False
627,4,2025-02-09 06:03:57,1,83,2,3.7,4,"Um clássico da região, muito bom.",False
628,2,2024-05-29 00:39:13,1,97,4,8.06,3,Bom para dias de festa.,False
629,2,2024-01-01 01:26:06,1,65,2,9.49,4,Aroma mineral interessante.,False
630,5,2025-02-13 07:47:31,2,57,5,24.16,4,Excelente equilíbrio e final longo.,False
631,4,2024-09-18 17:19:14,2,16,4,3.0,1,Prefiro vinhos do Douro a este estilo.,False
632,3,2023-05-22 04:49:53,1,72,5,35.75,1,Final agradável e persistente.,False
633,5,2024-07-18 10:23:21,1,84,6,7.83,4,Gosto especialmente de vinhos da Toscana.,False
634,3,2025-10-17 20:58:09,1,59,3,6.15,4,Vinho leve e apetecível.,False
635,5,2024-06-14 06:42:56,2,15,1,3.63,2,"Gosto deste vinho, muito aromático.",False
636,2,2023-06-15 03:58:48,2,71,5,3.0,3,Vinho leve e apetecível.,False
637,4,2024-01-31 00:35:33,1,64,2,18.93,4,Prefiro vinhos do Douro a este estilo.,False
638,5,2023-10-24 01:17:28,1,16,4,9.64,2,Excelente relação qualidade/preço.,False
639,4,2025-09-10 16:54:56,1,97,4,3.0,1,Textura muito agradável.,False
640,4,2023-01-07 17:43:06,2,59,6,3.0,2,Preferia um vinho mais acidez.,False
641,4,2025-06-17 18:04:15,2,75,4,6.67,2,Vinho leve e apetecível.,False
642,4,2024-08-20 13:15:45,1,14,4,40.53,3,Ideal para guardar mais alguns anos.,False
643,2,2024-12-04 11:18:41,1,36,4,7.14,3,Pouco complexo para o preço.,False
644,4,2025-04-30 23:41:12,1,53,5,3.0,3,Final agradável e persistente.,False
645,3,2024-06-20 09:28:39,1,26,2,7.23,3,"Gosto, mas esperava mais corpo.",False
646,3,2023-06-29 06:37:10,1,65,5,7.06,3,Vinho leve e apetecível.,False
647,4,2025-04-09 09:20:21,2,75,5,3.0,4,"Gosto, mas esperava mais corpo.",False
648,5,2024-08-14 15:52:28,2,2,5,8.59,1,"Gosto deste vinho, muito aromático.",False
649,2,2023-09-08 00:06:22,1,86,1,7.33,2,"Textura sedosa, recomendo.",False
650,3,2025-04-20 16:21:28,2,19,1,16.89,3,Muito bom para acompanhar carnes.,False
651,2,2025-10-02 06:21:41,2,58,1,47.66,2,Acho que este produtor está excelente este ano.,False
652,2,2025-10-29 06:06:57,1,66,6,24.88,3,Vinho leve e apetecível.,False
653,5,2023-03-25 13:53:28,2,50,4,7.09,3,"Para mim, demasiado alcoólico.",False
654,4,2023-12-17 09:03:26,2,26,5,3.33,4,Final agradável e persistente.,False
655,4,2024-11-28 05:01:59,1,100,6,91.47,2,Loja muito bem organizada.,False
656,2,2023-03-05 02:57:14,1,24,2,9.52,1,Aroma mineral interessante.,False
657,3,2025-06-26 04:34:41,2,72,3,9.14,2,"Sabor frutado, a lembrar cereja.",False
658,3,2023-08-27 18:28:38,1,43,4,8.83,2,"Não me agradou, demasiado tânico.",False
659,5,2025-06-08 14:56:44,1,100,6,10.79,3,Preferia um vinho mais acidez.,False
660,4,2025-03-19 17:36:33,1,91,3,7.93,2,"Sabor frutado, a lembrar cereja.",False
661,2,2024-06-26 18:41:10,1,54,5,5.39,4,Excelente equilíbrio e final longo.,False
662,5,2024-04-01 01:14:43,1,85,3,5.52,3,Não sou fã desta safra em particular.,False
663,3,2025-11-05 03:50:01,2,72,6,8.76,1,Prefiro vinhos do Douro a este estilo.,False
664,3,2024-05-13 13:23:56,2,31,6,5.53,2,"Não me agradou, demasiado tânico.",False
665,2,2025-03-13 22:13:44,1,50,3,4.75,3,"Gosto deste vinho, muito aromático.",False
666,5,2025-10-09 02:43:54,2,63,1,9.93,3,Boa expressão da casta local.,False
667,3,2025-04-15 17:09:19,2,66,1,7.17,1,"Sabor frutado, a lembrar cereja.",False
668,5,2024-10-20 23:40:28,1,27,6,34.94,2,"Um clássico da região, muito bom.",False
669,2,2023-04-23 00:50:48,1,69,6,3.0,4,Ótimo com queijos curados.,False
670,4,2023-05-16 23:00:56,1,59,6,24.1,3,"Não me agradou, demasiado tânico.",False
671,5,2023-12-20 15:14:39,1,23,3,27.7,1,Sabor a frutos negros e especiarias.,False
672,3,2024-05-06 12:24:19,2,50,4,3.0,4,Notas de baunilha e carvalho equilibradas.,False
673,5,2025-08-18 13:44:06,2,87,1,6.63,1,Ótimo com queijos curados.,False
674,5,2025-02-20 03:07:13,1,90,1,6.46,3,Textura muito agradável.,False
675,5,2024-11-10 21:44:58,2,88,3,3.0,1,Pouco complexo para o preço.,False
676,5,2025-04-08 17:07:11,2,85,1,4.48,4,"Sabor frutado, a lembrar cereja.",False
677,2,2023-08-12 19:31:31,1,96,4,3.32,3,Ótimo com queijos curados.,False
678,5,2023-03-06 21:24:56,2,2,5,43.69,2,Prefiro vinhos do Douro a este estilo.,False
679,2,2023-11-23 07:20:21,2,69,5,20.95,1,Pouco complexo para o preço.,False
680,4,2023-10-13 19:44:45,1,53,6,28.34,2,"Sabor frutado, a lembrar cereja.",False
681,3,2025-05-31 06:12:09,2,25,1,17.28,2,"Gosto, mas esperava mais corpo.",False
682,5,2025-11-09 10:14:28,2,83,5,3.27,1,Pouco complexo para o preço.,False
683,5,2024-07-08 19:04:59,2,13,2,5.63,4,Gosto especialmente de vinhos da Toscana.,False
684,5,2023-10-28 14:08:58,1,13,3,14.02,1,Boa expressão da casta local.,False
685,5,2025-06-26 11:26:01,2,58,3,3.0,3,Vinho leve e apetecível.,False
686,4,2024-05-01 13:29:36,2,41,4,17.14,2,"Gosto deste vinho, muito aromático.",False
687,3,2024-07-12 10:36:34,1,92,6,7.27,4,"Textura sedosa, recomendo.",False
688,3,2024-04-19 12:48:50,2,62,4,6.44,4,Não sou fã desta safra em particular.,False
689,2,2024-03-11 22:07:13,1,23,6,17.11,1,Final agradável e persistente.,False
690,2,2023-04-28 03:06:50,1,34,6,13.46,1,Acho que este produtor está excelente este ano.,False
691,2,2025-07-05 14:08:53,1,75,5,6.52,4,Perfeito para acompanhar pratos mediterrânicos.,False
692,2,2023-08-19 21:26:21,1,71,3,25.62,4,Ótimo com queijos curados.,False
693,5,2024-12-22 21:18:51,2,29,5,3.41,3,"Adoro vinhos do Alentejo, este é bom.",False
694,4,2024-01-07 02:07:18,2,47,5,15.71,1,"Gosto, mas esperava mais corpo.",False
695,5,2025-05-28 23:01:12,1,58,2,15.39,2,Sabor a frutos negros e especiarias.,False
696,5,2025-01-27 12:37:01,2,46,1,6.83,2,Perfeito para acompanhar pratos mediterrânicos.,False
697,5,2025-11-04 14:40:40,1,34,3,12.1,2,"Não me agradou, demasiado tânico.",False
698,3,2023-03-14 03:18:50,2,50,4,3.0,4,Boa expressão da casta local.,False
699,5,2024-02-14 01:08:04,2,14,6,20.73,3,Final agradável e persistente.,False
700,5,2025-10-11 22:09:06,2,84,4,7.64,3,Sabor a frutos negros e especiarias.,False
701,4,2024-06-19 23:44:14,2,49,2,5.64,4,Não sou fã desta safra em particular.,False
702,3,2023-09-15 06:13:57,2,78,1,23.2,2,Excelente relação qualidade/preço.,False
703,4,2023-08-22 09:22:06,1,66,6,4.79,3,Muito bom para acompanhar carnes.,False
704,4,2023-12-24 19:56:01,1,47,5,3.0,1,"Gosto, mas esperava mais corpo.",False
705,3,2025-01-13 19:30:13,2,93,1,3.0,4,"Gosto, mas esperava mais corpo.",False
706,5,2024-01-14 12:41:15,1,76,2,15.57,4,"Gosto deste vinho, muito aromático.",False
707,3,2025-09-04 22:58:05,1,74,5,3.0,2,"Adoro vinhos do Alentejo, este é bom.",False
708,3,2023-10-07 16:17:09,1,8,2,43.79,3,Textura muito agradável.,False
709,5,2023-12-03 11:11:16,1,93,6,3.0,3,Excelente equilíbrio e final longo.,False
710,2,2024-09-30 02:29:53,2,62,2,41.55,2,Final agradável e persistente.,False
711,5,2024-06-16 07:42:39,1,80,6,10.91,3,"Sabor frutado, a lembrar cereja.",False
712,2,2023-06-18 15:47:14,1,30,4,8.27,4,"Adoro vinhos do Alentejo, este é bom.",False
713,3,2023-08-21 08:02:43,1,67,5,5.53,4,Final agradável e persistente.,False
714,2,2025-04-05 13:08:40,1,61,5,12.93,1,Boa expressão da casta local.,False
715,4,2025-07-26 11:09:56,1,62,6,8.72,2,Boa expressão da casta local.,False
716,4,2023-03-09 11:29:47,2,67,4,24.36,3,"Um clássico da região, muito bom.",False
717,3,2025-06-13 23:20:27,1,62,4,10.0,3,Sabor a frutos negros e especiarias.,False
718,4,2023-12-28 04:42:31,2,18,3,10.33,4,Perfeito para acompanhar pratos mediterrânicos.,False
719,2,2023-10-21 15:12:51,2,77,5,6.51,4,"Textura sedosa, recomendo.",False
720,2,2023-01-12 04:12:49,1,74,5,8.57,1,Ideal para guardar mais alguns anos.,False
721,5,2023-06-15 13:42:37,1,89,3,11.91,4,Não sou fã desta safra em particular.,False
722,5,2025-04-12 19:26:20,2,84,5,3.0,3,"Textura sedosa, recomendo.",False
723,2,2023-11-13 10:15:00,2,79,3,3.0,4,Perfeito para acompanhar pratos mediterrânicos.,False
724,3,2024-04-21 08:51:20,2,23,3,17.62,4,"Textura sedosa, recomendo.",False
725,2,2023-12-23 22:29:42,2,95,2,10.53,1,Acho que este produtor está excelente este ano.,False
726,3,2024-06-09 17:52:38,1,13,2,7.65,4,Aroma a frutos vermelhos frescos.,False
727,3,2023-05-22 12:01:42,1,50,6,9.18,1,Aroma a frutos vermelhos frescos.,False
728,4,2024-02-13 16:46:50,2,77,4,12.34,1,Excelente equilíbrio e final longo.,False
729,5,2024-08-20 00:42:43,2,11,5,5.55,1,Acho que este produtor está excelente este ano.,False
730,3,2023-09-30 06:34:52,2,92,5,4.48,1,Perfeito para acompanhar pratos mediterrânicos.,False
731,2,2023-02-22 05:02:50,2,2,2,10.76,3,Muito bom para acompanhar carnes.,False
732,5,2025-10-14 12:52:58,1,87,1,3.74,3,Bom para dias de festa.,False
733,3,2025-11-06 06:48:38,1,12,3,13.03,4,Não sou fã desta safra em particular.,False
734,2,2023-04-17 14:14:00,2,76,2,3.0,1,Acho que este produtor está excelente este ano.,False
735,3,2024-03-05 12:57:35,2,93,5,22.79,3,Não sou fã desta safra em particular.,False
736,3,2023-09-29 21:46:11,1,59,4,13.81,1,"Textura sedosa, recomendo.",False
737,3,2023-07-01 18:24:41,1,72,1,11.36,3,Gosto especialmente de vinhos da Toscana.,False
738,5,2025-01-21 07:01:45,2,89,4,21.85,4,Sabor a frutos negros e especiarias.,False
739,2,2025-06-30 14:28:41,2,100,4,40.4,4,Boa expressão da casta local.,False
740,2,2025-09-11 08:37:26,2,15,3,22.49,1,Aroma mineral interessante.,False
741,5,2025-04-12 02:33:02,1,41,4,3.0,3,Ideal para guardar mais alguns anos.,False
742,3,2025-11-12 13:16:43,2,32,3,3.0,1,Aroma mineral interessante.,False
743,3,2024-07-03 04:50:57,1,71,2,5.14,4,Gosto especialmente de vinhos da Toscana.,False
744,5,2023-11-07 04:06:29,2,24,6,9.24,2,Preferia um vinho mais acidez.,False
745,2,2024-01-23 21:19:13,1,34,2,14.38,2,Muito bom para acompanhar carnes.,False
746,2,2023-05-02 22:13:43,1,100,1,4.7,1,Textura muito agradável.,False
747,5,2025-01-19 05:09:07,1,98,5,10.68,1,"Um clássico da região, muito bom.",False
748,4,2023-10-12 01:57:25,2,64,5,4.57,3,Preferia um vinho mais acidez.,False
749,3,2025-03-27 16:50:16,2,29,5,5.21,2,"Não me agradou, demasiado tânico.",False
750,2,2023-09-29 13:01:47,2,70,1,3.0,3,Aroma mineral interessante.,False
751,3,2023-01-14 01:52:06,1,90,5,3.93,4,Gosto especialmente de vinhos da Toscana.,False
752,2,2024-07-15 17:30:42,1,49,5,3.0,1,Gosto especialmente de vinhos da Toscana.,False
753,5,2025-01-02 05:01:43,1,71,3,3.75,2,"Textura sedosa, recomendo.",False
754,5,2024-10-13 00:55:02,2,24,4,23.3,4,Muito bom para acompanhar carnes.,False
755,4,2025-06-06 15:41:54,2,52,3,3.84,4,Não gostei do serviço ao cliente.,False
756,5,2024-01-02 07:27:14,1,13,6,96.46,3,Aroma a frutos vermelhos frescos.,False
757,5,2023-01-16 03:13:08,2,26,2,14.07,2,Preferia um vinho mais acidez.,False
758,2,2025-01-25 22:30:57,2,64,2,10.66,3,Aroma a frutos vermelhos frescos.,False
759,3,2023-06-03 18:02:52,2,72,5,4.17,1,Aroma mineral interessante.,False
760,5,2024-11-29 19:48:11,1,28,3,16.95,4,Atendimento na loja excelente.,False
761,2,2023-01-31 19:30:53,2,47,3,5.38,3,Não sou fã desta safra em particular.,False
762,4,2025-06-13 14:54:05,1,45,6,10.07,2,Sabor a frutos negros e especiarias.,False
763,5,2024-11-25 06:45:44,2,46,3,90.38,4,Perfeito para acompanhar pratos mediterrânicos.,False
764,5,2023-08-14 00:20:14,2,79,3,8.28,4,Ótimo com queijos curados.,False
765,2,2023-04-21 19:54:00,2,54,6,25.39,4,"Um clássico da região, muito bom.",False
766,4,2025-10-11 10:05:34,1,44,2,4.79,3,Gosto especialmente de vinhos da Toscana.,False
767,3,2024-11-22 03:00:50,2,78,6,8.75,4,"Textura sedosa, recomendo.",False
768,3,2023-02-05 21:16:16,2,53,2,44.42,2,"Um clássico da região, muito bom.",False
769,2,2023-09-17 06:52:23,1,85,3,5.13,1,Muito bom para acompanhar carnes.,False
770,4,2023-03-25 14:45:28,1,13,1,46.12,4,"Para mim, demasiado alcoólico.",False
771,3,2025-08-18 04:31:09,2,68,1,17.06,1,"Textura sedosa, recomendo.",False
772,4,2024-01-20 07:36:38,1,84,4,5.44,3,Bom para dias de festa.,False
773,4,2023-09-23 00:43:36,2,81,2,15.95,2,Ideal para guardar mais alguns anos.,False
774,4,2025-01-09 16:20:07,1,85,3,21.66,3,"Um clássico da região, muito bom.",False
775,3,2025-04-17 18:05:52,2,71,4,15.79,2,Vinho leve e apetecível.,False
776,3,2025-09-20 20:58:11,2,81,6,3.0,4,Ideal para guardar mais alguns anos.,False
777,4,2023-05-20 02:48:57,2,62,5,4.69,2,Aroma a frutos vermelhos frescos.,False
778,4,2024-04-16 14:01:07,2,47,4,7.22,3,"Adoro vinhos do Alentejo, este é bom.",False
779,5,2024-12-29 20:58:03,1,67,2,8.44,3,Pouco complexo para o preço.,False
780,4,2024-10-30 15:47:29,2,97,4,15.78,3,"Gosto deste vinho, muito aromático.",False
781,2,2024-10-01 14:37:32,1,1,5,10.59,3,Muito bom para acompanhar carnes.,False
782,3,2024-08-10 18:12:39,2,32,2,3.0,4,Final agradável e persistente.,False
783,2,2025-08-10 14:21:27,2,11,4,12.71,2,Ideal para guardar mais alguns anos.,False
784,3,2023-10-20 01:10:16,2,84,6,15.64,3,Notas de baunilha e carvalho equilibradas.,False
785,4,2024-12-08 08:25:04,1,18,3,14.94,1,Ótimo com queijos curados.,False
786,5,2024-05-13 02:27:52,2,90,5,23.87,4,Muito bom para acompanhar carnes.,False
787,4,2023-06-08 21:01:55,1,7,5,19.12,1,"Sabor frutado, a lembrar cereja.",False
788,5,2023-01-13 17:52:14,2,17,6,13.64,4,Acho que este produtor está excelente este ano.,False
789,2,2024-06-15 03:26:06,1,20,1,8.47,4,Muito bom para acompanhar carnes.,False
790,4,2023-02-19 07:14:44,2,64,3,3.0,4,Vinho leve e apetecível.,False
791,2,2024-09-01 14:32:39,1,97,2,13.29,1,"Textura sedosa, recomendo.",False
792,4,2024-08-15 18:14:12,2,24,2,10.88,3,Final agradável e persistente.,False
793,5,2024-11-19 02:46:51,1,99,6,11.52,2,Aroma mineral interessante.,False
794,4,2025-10-31 14:34:24,1,26,4,3.0,1,Ideal para guardar mais alguns anos.,False
795,3,2024-05-16 20:40:07,2,50,6,3.41,3,Textura muito agradável.,False
796,5,2025-01-17 13:32:22,1,96,5,23.29,1,"Textura sedosa, recomendo.",False
797,2,2024-01-02 13:26:38,1,47,1,8.71,2,Prefiro vinhos do Douro a este estilo.,False
798,5,2023-07-05 20:51:36,2,2,2,16.67,3,Sabor a frutos negros e especiarias.,False
799,3,2025-07-15 04:24:18,1,2,1,9.26,4,Vinho leve e apetecível.,False
800,4,2025-02-15 14:20:20,2,99,1,9.27,2,"Sabor frutado, a lembrar cereja.",False
801,2,2024-07-06 06:39:34,2,98,6,21.0,1,"Não me agradou, demasiado tânico.",False
802,2,2025-05-17 08:48:47,1,17,4,5.67,2,Gosto especialmente de vinhos da Toscana.,False
803,3,2024-08-09 20:14:48,2,94,2,9.84,1,Vinho leve e apetecível.,False
804,4,2024-11-10 15:10:56,1,33,1,5.95,4,Vinho leve e apetecível.,False
805,2,2024-06-24 01:52:43,2,25,5,6.1,2,"Para mim, demasiado alcoólico.",False
806,3,2025-04-05 02:14:19,2,36,5,6.83,2,Excelente equilíbrio e final longo.,False
807,5,2023-01-02 02:50:13,2,38,3,11.02,3,Excelente relação qualidade/preço.,False
808,5,2025-08-21 10:37:54,1,3,5,5.87,3,Perfeito para acompanhar pratos mediterrânicos.,False
809,2,2025-03-25 02:44:13,2,93,1,27.94,4,Muito bom para acompanhar carnes.,False
810,3,2025-09-22 14:37:49,1,79,3,4.03,3,Notas de baunilha e carvalho equilibradas.,False
811,2,2023-07-21 14:20:07,1,13,5,7.63,1,"Não me agradou, demasiado tânico.",False
812,4,2023-06-03 09:48:02,1,26,1,6.08,4,Muito bom para acompanhar carnes.,False
813,3,2024-07-23 02:40:04,2,85,4,33.19,3,"Não me agradou, demasiado tânico.",False
814,4,2023-05-05 05:00:20,1,2,2,10.77,4,Textura muito agradável.,False
815,3,2024-07-27 07:52:35,1,47,5,22.84,4,Final agradável e persistente.,False
816,3,2024-04-17 02:22:58,2,68,1,3.0,1,Final agradável e persistente.,False
817,2,2023-12-25 20:58:31,1,67,1,11.48,1,Acho que este produtor está excelente este ano.,False
818,2,2025-08-29 09:48:27,1,25,5,20.1,2,Sabor a frutos negros e especiarias.,False
819,5,2024-12-13 14:20:35,2,96,1,9.72,3,"Gosto, mas esperava mais corpo.",False
820,3,2024-06-08 07:23:30,1,22,2,23.55,4,Ideal para guardar mais alguns anos.,False
821,2,2024-07-31 10:42:28,2,46,3,5.67,3,"Um clássico da região, muito bom.",False
822,4,2025-04-27 14:25:14,2,93,3,32.09,2,Sabor a frutos negros e especiarias.,False
823,5,2024-12-03 18:49:26,2,99,5,71.45,3,Não sou fã desta safra em particular.,False
824,2,2025-07-14 11:38:53,2,1,6,6.51,1,Pouco complexo para o preço.,False
825,5,2023-11-30 17:10:29,1,39,1,6.04,3,Bom para dias de festa.,False
826,4,2025-05-10 02:03:30,1,99,6,33.38,3,Textura muito agradável.,False
827,5,2023-08-04 00:13:53,1,5,4,37.4,3,"Adoro vinhos do Alentejo, este é bom.",False
828,4,2024-04-11 12:05:10,2,75,2,5.64,2,"Textura sedosa, recomendo.",False
829,4,2024-05-19 09:23:49,2,73,2,6.18,1,Acho que este produtor está excelente este ano.,False
830,4,2025-09-24 16:59:16,1,63,6,7.0,1,Muito elegante e refinado.,False
831,4,2023-03-28 20:56:58,1,94,5,3.0,4,Excelente equilíbrio e final longo.,False
832,2,2023-12-19 04:38:50,2,56,4,3.95,1,"Um clássico da região, muito bom.",False
833,4,2025-04-18 18:02:21,2,7,3,3.66,1,Gosto especialmente de vinhos da Toscana.,False
834,4,2023-03-20 11:30:54,2,65,6,4.52,2,"Adoro vinhos do Alentejo, este é bom.",False
835,5,2024-11-01 23:43:44,2,97,5,8.75,1,Bom para dias de festa.,False
836,5,2025-01-09 05:08:50,2,19,2,11.14,3,Excelente equilíbrio e final longo.,False
837,4,2024-11-05 23:00:09,2,34,1,36.43,4,Ideal para guardar mais alguns anos.,False
838,2,2024-09-06 02:33:11,1,62,5,3.67,2,Preferia um vinho mais acidez.,False
839,4,2024-10-30 02:00:45,1,32,1,21.89,3,Perfeito para acompanhar pratos mediterrânicos.,False
840,3,2024-07-21 10:09:53,1,15,6,7.44,4,Notas de baunilha e carvalho equilibradas.,False
841,3,2024-04-18 12:28:13,1,42,3,8.63,1,Perfeito para acompanhar pratos mediterrânicos.,False
842,2,2023-03-11 17:09:22,2,79,4,16.57,2,Excelente relação qualidade/preço.,False
843,2,2023-05-14 07:23:39,1,88,3,3.29,2,Perfeito para acompanhar pratos mediterrânicos.,False
844,4,2024-03-22 21:40:39,1,32,5,12.73,2,"Um clássico da região, muito bom.",False
845,4,2025-01-01 23:14:52,2,89,1,10.48,3,Excelente relação qualidade/preço.,False
846,4,2025-04-28 20:10:16,2,27,6,14.06,2,Muito bom para acompanhar carnes.,False
847,2,2025-11-04 02:33:37,2,80,6,11.71,2,Vinho leve e apetecível.,False
848,2,2023-09-22 13:58:36,2,75,6,82.25,1,"Textura sedosa, recomendo.",False
849,2,2024-12-23 06:59:44,2,26,6,5.08,3,"Não me agradou, demasiado tânico.",False
850,4,2025-10-22 10:19:32,1,50,6,5.6,3,"Gosto, mas esperava mais corpo.",False
851,3,2024-08-14 09:34:10,1,3,3,5.15,4,Bom para dias de festa.,False
852,2,2023-11-05 22:36:17,2,63,5,5.47,1,"Sabor frutado, a lembrar cereja.",False
853,2,2025-01-31 02:01:13,1,6,2,5.09,3,Gosto especialmente de vinhos da Toscana.,False
854,3,2025-08-29 06:18:00,1,3,3,26.31,3,Não sou fã desta safra em particular.,False
855,5,2024-02-05 06:58:58,1,65,3,32.41,1,Ótimo com queijos curados.,False
856,2,2024-06-14 22:42:40,1,72,3,5.4,2,"Adoro vinhos do Alentejo, este é bom.",False
857,4,2025-08-09 09:43:51,1,12,6,4.27,4,Ideal para guardar mais alguns anos.,False
858,4,2024-04-30 06:28:24,2,31,5,13.79,2,Notas de baunilha e carvalho equilibradas.,False
859,3,2023-08-04 06:30:26,2,70,2,5.49,2,Ótimo com queijos curados.,False
860,2,2023-08-14 11:40:24,1,40,6,15.95,2,Notas de baunilha e carvalho equilibradas.,False
861,5,2024-05-08 08:53:46,2,9,5,10.83,1,"Sabor frutado, a lembrar cereja.",False
862,5,2024-04-16 05:38:13,1,98,3,3.0,4,Notas de baunilha e carvalho equilibradas.,False
863,3,2023-10-14 23:50:55,2,20,2,36.33,1,"Adoro vinhos do Alentejo, este é bom.",False
864,3,2023-12-27 16:23:32,2,78,5,45.44,2,Muito elegante e refinado.,False
865,4,2025-02-19 08:01:04,1,46,1,5.2,4,"Adoro vinhos do Alentejo, este é bom.",False
866,2,2023-08-02 14:50:45,2,24,4,6.37,4,Preferia um vinho mais acidez.,False
867,5,2023-01-24 07:46:19,1,29,1,11.67,4,Perfeito para acompanhar pratos mediterrânicos.,False
868,5,2023-11-14 18:37:41,2,29,6,12.19,2,Perfeito para acompanhar pratos mediterrânicos.,False
869,2,2024-05-19 16:59:12,1,57,5,16.32,4,Vinho leve e apetecível.,False
870,2,2024-08-13 21:22:36,1,55,4,55.1,1,Muito elegante e refinado.,False
871,3,2023-06-19 19:36:24,2,79,6,7.7,1,Ideal para guardar mais alguns anos.,False
872,5,2023-03-02 23:24:23,2,6,2,4.4,4,Acho que este produtor está excelente este ano.,False
873,3,2024-04-18 02:36:05,1,25,3,3.0,4,Aroma mineral interessante.,False
874,4,2023-03-26 17:38:49,2,22,4,4.67,3,Muito elegante e refinado.,False
875,5,2025-02-16 17:52:31,2,83,4,8.76,1,Acho que este produtor está excelente este ano.,False
876,4,2024-10-04 10:36:30,1,100,5,45.38,2,Aroma mineral interessante.,False
877,3,2023-11-10 16:34:14,2,4,2,5.66,4,Sabor a frutos negros e especiarias.,False
878,2,2023-07-11 22:03:44,1,33,3,11.04,2,Vinho leve e apetecível.,False
879,3,2025-03-24 17:19:28,1,91,4,8.89,3,Excelente equilíbrio e final longo.,False
880,4,2023-09-23 11:03:13,1,49,5,26.3,4,"Não me agradou, demasiado tânico.",False
881,3,2023-03-21 16:59:37,1,21,2,87.73,2,Perfeito para acompanhar pratos mediterrânicos.,False
882,2,2025-08-31 03:51:18,2,40,6,5.6,4,Pouco complexo para o preço.,False
883,4,2024-01-29 04:39:40,1,17,2,5.81,1,Muito elegante e refinado.,False
884,5,2025-02-05 13:46:32,2,64,4,23.1,1,Muito elegante e refinado.,False
885,2,2024-09-29 03:33:04,1,76,6,16.67,4,Excelente relação qualidade/preço.,False
886,4,2025-04-30 06:22:27,1,77,5,47.56,1,Bom para dias de festa.,False
887,4,2025-10-11 19:55:38,1,7,2,15.26,2,"Não me agradou, demasiado tânico.",False
888,3,2023-05-17 05:47:35,1,19,1,6.53,3,Gosto especialmente de vinhos da Toscana.,False
889,5,2024-03-17 18:28:30,1,54,2,15.36,2,"Gosto, mas esperava mais corpo.",False
890,5,2023-02-25 16:12:49,2,96,5,24.48,3,Textura muito agradável.,False
891,3,2023-04-16 02:47:47,2,42,3,18.89,4,Final agradável e persistente.,False
892,2,2024-03-02 07:03:53,1,38,4,14.25,2,Prefiro vinhos do Douro a este estilo.,False
893,4,2023-04-01 09:16:43,2,68,2,23.57,2,Muito elegante e refinado.,False
894,2,2025-08-03 19:22:19,1,62,6,25.85,3,Notas de baunilha e carvalho equilibradas.,False
895,5,2023-07-21 12:03:22,2,68,5,31.31,3,Textura muito agradável.,False
896,4,2024-03-27 06:10:47,2,64,2,16.18,2,Vinho leve e apetecível.,False
897,2,2023-07-03 04:35:22,1,16,1,7.76,4,Ótimo com queijos curados.,False
898,4,2025-05-20 13:48:15,2,53,1,10.3,3,Não sou fã desta safra em particular.,False
899,4,2023-04-16 09:06:42,1,82,2,26.73,3,"Textura sedosa, recomendo.",False
900,5,2023-01-10 12:35:24,2,65,5,4.33,3,Perfeito para acompanhar pratos mediterrânicos.,False
901,5,2023-09-30 19:55:37,2,44,4,12.58,1,Final agradável e persistente.,False
902,3,2025-01-07 02:39:32,2,44,6,6.33,4,Textura muito agradável.,False
903,4,2025-04-14 03:36:03,1,62,2,9.26,4,Boa expressão da casta local.,False
904,3,2025-03-20 11:01:04,2,53,6,28.52,1,Final agradável e persistente.,False
905,4,2025-06-15 22:56:39,2,72,5,10.72,1,Muito bom para acompanhar carnes.,False
906,3,2023-02-18 10:13:11,2,9,2,9.41,3,Final agradável e persistente.,False
907,5,2025-07-29 21:43:33,2,81,5,3.0,2,Sabor a frutos negros e especiarias.,False
908,4,2024-05-03 13:23:14,1,77,1,17.67,3,Vinho leve e apetecível.,False
909,3,2024-01-05 03:56:42,2,53,1,16.13,4,Boa expressão da casta local.,False
910,4,2023-06-24 08:17:06,2,39,2,63.24,3,"Sabor frutado, a lembrar cereja.",False
911,5,2025-02-25 00:50:58,1,100,2,6.84,1,Excelente relação qualidade/preço.,False
912,3,2025-01-21 01:08:25,2,65,2,10.99,2,Gosto especialmente de vinhos da Toscana.,False
913,5,2023-02-26 18:46:38,2,19,1,11.3,2,Muito bom para acompanhar carnes.,False
914,4,2024-04-28 02:13:25,2,92,5,37.33,1,"Gosto deste vinho, muito aromático.",False
915,3,2025-03-19 16:32:37,1,43,4,8.28,1,Prefiro vinhos do Douro a este estilo.,False
916,4,2023-11-08 13:15:05,1,74,3,11.6,2,Gosto especialmente de vinhos da Toscana.,False
917,2,2024-11-16 05:58:56,2,36,5,15.6,3,Perfeito para acompanhar pratos mediterrânicos.,False
918,2,2023-01-24 16:48:41,2,20,2,10.68,3,Prefiro vinhos do Douro a este estilo.,False
919,4,2023-08-08 21:37:15,1,70,3,6.04,3,"Textura sedosa, recomendo.",False
920,3,2024-06-10 05:06:04,1,22,1,10.75,3,Muito elegante e refinado.,False
921,4,2025-11-15 08:18:50,1,17,1,23.72,4,Boa expressão da casta local.,False
922,2,2024-08-31 19:42:57,1,50,1,3.58,1,Notas de baunilha e carvalho equilibradas.,False
923,3,2023-11-04 19:27:38,2,79,3,10.17,3,Gosto especialmente de vinhos da Toscana.,False
924,2,2024-12-28 10:35:28,2,73,2,4.81,1,Final agradável e persistente.,False
925,4,2023-12-26 22:11:10,2,40,6,26.46,4,Preferia um vinho mais acidez.,False
926,3,2023-10-12 19:53:52,1,79,3,3.0,3,Aroma mineral interessante.,False
927,4,2025-01-08 09:44:58,2,59,4,5.46,1,Excelente equilíbrio e final longo.,False
928,4,2024-06-25 13:19:32,2,62,4,12.67,2,Pouco complexo para o preço.,False
929,4,2025-05-13 22:46:10,1,52,6,36.93,1,Gosto especialmente de vinhos da Toscana.,False
930,4,2024-10-04 06:13:53,2,69,4,8.51,4,Sabor a frutos negros e especiarias.,False
931,2,2023-04-13 14:53:34,1,71,2,5.48,4,Aroma mineral interessante.,False
932,5,2024-11-07 07:09:45,1,89,5,49.06,4,Aroma a frutos vermelhos frescos.,False
933,5,2025-06-10 23:17:27,1,23,6,3.0,1,Acho que este produtor está excelente este ano.,False
934,4,2025-05-12 07:10:10,1,76,5,3.0,4,Gosto especialmente de vinhos da Toscana.,False
935,2,2025-07-18 08:43:08,2,23,3,13.41,4,Excelente equilíbrio e final longo.,False
936,4,2023-12-05 01:09:17,2,42,4,5.74,1,Excelente equilíbrio e final longo.,False
937,3,2025-04-05 06:39:09,1,97,2,3.6,2,Excelente relação qualidade/preço.,False
938,3,2023-11-16 11:37:23,2,79,5,17.07,4,Muito bom para acompanhar carnes.,False
939,4,2024-11-06 07:47:54,2,73,6,11.24,3,Textura muito agradável.,False
940,3,2023-07-18 03:37:15,1,75,1,5.43,4,"Um clássico da região, muito bom.",False
941,2,2025-05-19 23:26:28,1,48,5,3.0,1,"Gosto deste vinho, muito aromático.",False
942,5,2025-07-05 18:54:14,1,37,1,19.79,2,Notas de baunilha e carvalho equilibradas.,False
943,2,2024-11-07 01:03:39,2,92,4,16.2,4,Aroma mineral interessante.,False
944,5,2024-08-20 10:44:34,1,61,2,8.25,2,"Para mim, demasiado alcoólico.",False
945,3,2023-01-19 00:34:55,2,20,3,47.56,2,"Adoro vinhos do Alentejo, este é bom.",False
946,3,2024-11-09 10:39:54,1,19,6,3.44,4,"Gosto, mas esperava mais corpo.",False
947,3,2024-12-09 09:58:49,1,18,6,3.0,4,"Um clássico da região, muito bom.",False
948,5,2024-11-30 02:55:20,1,59,5,4.84,4,"Para mim, demasiado alcoólico.",False
949,5,2023-01-12 13:00:36,2,29,2,8.66,4,Muito elegante e refinado.,False
950,2,2025-04-28 10:33:14,1,92,5,11.23,3,Notas de baunilha e carvalho equilibradas.,False
951,2,2024-07-26 13:36:22,1,5,5,7.26,4,Vinho leve e apetecível.,False
952,2,2025-03-28 17:54:52,2,89,1,12.39,2,Acho que este produtor está excelente este ano.,False
953,4,2025-01-03 22:16:16,2,67,1,3.0,1,Bom para dias de festa.,False
954,3,2023-01-17 18:02:03,2,79,1,33.1,3,"Para mim, demasiado alcoólico.",False
955,3,2024-07-02 05:36:27,2,66,4,8.38,3,Notas de baunilha e carvalho equilibradas.,False
956,4,2025-05-25 16:29:35,2,22,1,24.67,3,Acho que este produtor está excelente este ano.,False
957,3,2023-03-22 04:31:43,1,81,4,12.29,2,Sabor a frutos negros e especiarias.,False
958,5,2025-02-24 09:59:21,1,37,4,13.61,1,"Adoro vinhos do Alentejo, este é bom.",False
959,3,2024-02-04 04:00:13,2,33,2,15.07,3,"Textura sedosa, recomendo.",False
960,3,2024-11-24 20:26:13,1,78,2,13.5,2,"Gosto, mas esperava mais corpo.",False
961,3,2023-10-08 21:03:18,1,34,6,16.09,2,Preferia um vinho mais acidez.,False
962,2,2025-02-09 10:17:30,2,11,2,29.85,2,Final agradável e persistente.,False
963,2,2025-09-17 10:30:23,2,31,6,10.77,4,Acho que este produtor está excelente este ano.,False
964,3,2025-09-24 17:13:45,1,74,6,17.08,3,"Não me agradou, demasiado tânico.",False
965,5,2025-01-09 19:12:49,1,7,2,8.32,4,Aroma mineral interessante.,False
966,3,2024-08-28 22:52:54,2,96,5,32.99,2,Aroma mineral interessante.,False
967,2,2024-03-24 14:57:15,2,19,5,4.91,4,"Gosto deste vinho, muito aromático.",False
968,4,2025-04-05 08:03:06,2,87,3,45.64,1,Prefiro vinhos do Douro a este estilo.,False
969,5,2024-02-24 22:29:17,2,79,6,8.7,3,Gosto especialmente de vinhos da Toscana.,False
970,2,2025-11-15 00:40:39,1,33,6,3.0,4,Excelente relação qualidade/preço.,False
971,4,2025-04-30 16:28:33,1,67,3,10.13,2,Gosto especialmente de vinhos da Toscana.,False
972,2,2025-03-26 23:16:16,1,9,1,4.89,4,Prefiro vinhos do Douro a este estilo.,False
973,3,2023-10-27 22:31:36,2,45,2,19.23,3,"Textura sedosa, recomendo.",False
974,2,2025-10-17 00:01:40,1,80,1,5.02,1,Muito elegante e refinado.,False
975,4,2025-07-28 08:19:12,1,91,1,6.04,1,"Um clássico da região, muito bom.",False
976,4,2023-06-22 04:36:15,2,85,6,3.0,2,Boa expressão da casta local.,False
977,3,2024-12-05 09:36:31,2,38,4,6.01,1,Ótimo com queijos curados.,False
978,5,2023-09-09 14:31:52,2,89,6,3.0,3,"Textura sedosa, recomendo.",False
979,4,2024-05-31 18:16:02,2,100,1,3.0,4,Aroma mineral interessante.,False
980,4,2025-02-02 20:43:00,2,34,2,17.89,4,Excelente equilíbrio e final longo.,False
981,3,2023-08-12 11:57:33,2,23,6,18.31,4,Prefiro vinhos do Douro a este estilo.,False
982,5,2024-11-16 23:21:33,1,79,6,13.24,1,Textura muito agradável.,False
983,3,2024-01-25 06:54:32,1,5,1,3.78,1,Sabor a frutos negros e especiarias.,False
984,5,2023-02-28 18:36:52,1,64,2,8.65,1,Textura muito agradável.,False
985,4,2024-08-30 21:51:12,2,20,6,9.0,3,Boa expressão da casta local.,False
986,5,2023-04-19 21:30:20,2,62,4,3.18,4,"Um clássico da região, muito bom.",False
987,3,2025-05-31 04:23:05,1,50,6,34.92,4,Prefiro vinhos do Douro a este estilo.,False
988,4,2025-09-09 04:49:41,2,88,3,19.88,4,"Não me agradou, demasiado tânico.",False
989,4,2024-12-15 00:35:49,2,69,3,7.4,1,Final agradável e persistente.,False
990,5,2025-10-23 09:57:08,1,23,5,9.25,1,Aroma mineral interessante.,False
991,4,2024-07-12 02:13:31,2,90,4,10.89,1,Ótimo com queijos curados.,False
992,2,2023-02-25 10:55:43,1,81,4,3.0,2,"Adoro vinhos do Alentejo, este é bom.",False
993,5,2024-08-26 22:18:15,1,93,5,7.22,2,Preferia um vinho mais acidez.,False
994,3,2023-02-27 13:03:04,2,64,5,4.89,4,"Gosto deste vinho, muito aromático.",False
995,5,2023-07-03 14:20:05,1,44,6,3.66,1,Aroma mineral interessante.,False
996,3,2025-06-18 23:34:25,2,87,5,7.01,2,Acho que este produtor está excelente este ano.,False
997,3,2025-10-12 16:36:22,1,5,6,45.51,2,Preferia um vinho mais acidez.,False
998,3,2025-10-04 20:30:39,2,80,1,16.07,2,Vinho leve e apetecível.,False
999,3,2024-04-22 10:21:58,1,23,6,5.4,1,Boa expressão da casta local.,False
1000,4,2023-06-15 04:18:52,2,79,2,15.11,1,Final agradável e persistente.,False
